"Country or Area","Commodity - Transaction","Year","Unit","Quantity","Quantity Footnotes"
"Afghanistan","Electricity - total hydro production","2023","Kilowatt-hours, million","1222","1"
"Afghanistan","Electricity - total hydro production","2022","Kilowatt-hours, million","1220","1"
"Afghanistan","Electricity - total hydro production","2021","Kilowatt-hours, million","1215","1"
"Afghanistan","Electricity - total hydro production","2020","Kilowatt-hours, million","1180.67",""
"Afghanistan","Electricity - total hydro production","2019","Kilowatt-hours, million","1388.04",""
"Albania","Electricity - total hydro production","2023","Kilowatt-hours, million","8708.557",""
"Albania","Electricity - total hydro production","2022","Kilowatt-hours, million","6841.751",""
"Albania","Electricity - total hydro production","2021","Kilowatt-hours, million","8921.94",""
"Albania","Electricity - total hydro production","2020","Kilowatt-hours, million","5280.901",""
"Albania","Electricity - total hydro production","2019","Kilowatt-hours, million","5183.847",""
"Algeria","Electricity - total hydro production","2022","Kilowatt-hours, million","16.403",""
"Algeria","Electricity - total hydro production","2021","Kilowatt-hours, million","9",""
"Algeria","Electricity - total hydro production","2020","Kilowatt-hours, million","49.6",""
"Algeria","Electricity - total hydro production","2019","Kilowatt-hours, million","152",""
"Andorra","Electricity - total hydro production","2023","Kilowatt-hours, million","69.934",""
"Andorra","Electricity - total hydro production","2022","Kilowatt-hours, million","69.6",""
"Andorra","Electricity - total hydro production","2021","Kilowatt-hours, million","78.8",""
"Andorra","Electricity - total hydro production","2020","Kilowatt-hours, million","123.7",""
"Andorra","Electricity - total hydro production","2019","Kilowatt-hours, million","84.67",""
"Angola","Electricity - total hydro production","2022","Kilowatt-hours, million","12318.18",""
"Angola","Electricity - total hydro production","2021","Kilowatt-hours, million","11203.18",""
"Angola","Electricity - total hydro production","2020","Kilowatt-hours, million","12478.22",""
"Angola","Electricity - total hydro production","2019","Kilowatt-hours, million","10826.28",""
"Argentina","Electricity - total hydro production","2023","Kilowatt-hours, million","40829",""
"Argentina","Electricity - total hydro production","2022","Kilowatt-hours, million","23580",""
"Argentina","Electricity - total hydro production","2021","Kilowatt-hours, million","20186",""
"Argentina","Electricity - total hydro production","2020","Kilowatt-hours, million","24261.679",""
"Argentina","Electricity - total hydro production","2019","Kilowatt-hours, million","36878",""
"Armenia","Electricity - total hydro production","2022","Kilowatt-hours, million","1939.927",""
"Armenia","Electricity - total hydro production","2021","Kilowatt-hours, million","2201.725",""
"Armenia","Electricity - total hydro production","2020","Kilowatt-hours, million","1778.351",""
"Armenia","Electricity - total hydro production","2019","Kilowatt-hours, million","2370.943",""
"Australia","Electricity - total hydro production","2022","Kilowatt-hours, million","17010.891",""
"Australia","Electricity - total hydro production","2021","Kilowatt-hours, million","15199.688",""
"Australia","Electricity - total hydro production","2020","Kilowatt-hours, million","15149.633",""
"Australia","Electricity - total hydro production","2019","Kilowatt-hours, million","15967",""
"Austria","Electricity - total hydro production","2022","Kilowatt-hours, million","39221.112",""
"Austria","Electricity - total hydro production","2021","Kilowatt-hours, million","42539.793",""
"Austria","Electricity - total hydro production","2020","Kilowatt-hours, million","45343.976",""
"Austria","Electricity - total hydro production","2019","Kilowatt-hours, million","44204.02",""
"Azerbaijan","Electricity - total hydro production","2022","Kilowatt-hours, million","1595.7",""
"Azerbaijan","Electricity - total hydro production","2021","Kilowatt-hours, million","1277.3",""
"Azerbaijan","Electricity - total hydro production","2020","Kilowatt-hours, million","1069.5",""
"Azerbaijan","Electricity - total hydro production","2019","Kilowatt-hours, million","1564.8",""
"Bangladesh","Electricity - total hydro production","2022","Kilowatt-hours, million","746",""
"Bangladesh","Electricity - total hydro production","2021","Kilowatt-hours, million","657",""
"Bangladesh","Electricity - total hydro production","2020","Kilowatt-hours, million","874.5",""
"Bangladesh","Electricity - total hydro production","2019","Kilowatt-hours, million","768.5",""
"Belarus","Electricity - total hydro production","2022","Kilowatt-hours, million","371",""
"Belarus","Electricity - total hydro production","2021","Kilowatt-hours, million","371",""
"Belarus","Electricity - total hydro production","2020","Kilowatt-hours, million","399",""
"Belarus","Electricity - total hydro production","2019","Kilowatt-hours, million","350",""
"Belgium","Electricity - total hydro production","2022","Kilowatt-hours, million","1645.7",""
"Belgium","Electricity - total hydro production","2021","Kilowatt-hours, million","1349.8",""
"Belgium","Electricity - total hydro production","2020","Kilowatt-hours, million","1314.6",""
"Belgium","Electricity - total hydro production","2019","Kilowatt-hours, million","1181.2",""
"Belize","Electricity - total hydro production","2023","Kilowatt-hours, million","242.5","1"
"Belize","Electricity - total hydro production","2022","Kilowatt-hours, million","238.9",""
"Belize","Electricity - total hydro production","2021","Kilowatt-hours, million","157.619",""
"Belize","Electricity - total hydro production","2020","Kilowatt-hours, million","242.133",""
"Belize","Electricity - total hydro production","2019","Kilowatt-hours, million","74.71",""
"Benin","Electricity - total hydro production","2020","Kilowatt-hours, million","0.072",""
"Benin","Electricity - total hydro production","2019","Kilowatt-hours, million","0.072",""
"Bhutan","Electricity - total hydro production","2023","Kilowatt-hours, million","10515.11",""
"Bhutan","Electricity - total hydro production","2022","Kilowatt-hours, million","10960",""
"Bhutan","Electricity - total hydro production","2021","Kilowatt-hours, million","11369.83",""
"Bhutan","Electricity - total hydro production","2020","Kilowatt-hours, million","11369.72",""
"Bhutan","Electricity - total hydro production","2019","Kilowatt-hours, million","8856.92",""
"Bolivia (Plur. State of)","Electricity - total hydro production","2022","Kilowatt-hours, million","2851.75",""
"Bolivia (Plur. State of)","Electricity - total hydro production","2021","Kilowatt-hours, million","3236.83",""
"Bolivia (Plur. State of)","Electricity - total hydro production","2020","Kilowatt-hours, million","2942.18",""
"Bolivia (Plur. State of)","Electricity - total hydro production","2019","Kilowatt-hours, million","3251.2",""
"Bosnia and Herzegovina","Electricity - total hydro production","2022","Kilowatt-hours, million","4739",""
"Bosnia and Herzegovina","Electricity - total hydro production","2021","Kilowatt-hours, million","6796",""
"Bosnia and Herzegovina","Electricity - total hydro production","2020","Kilowatt-hours, million","4663",""
"Bosnia and Herzegovina","Electricity - total hydro production","2019","Kilowatt-hours, million","6172",""
"Brazil","Electricity - total hydro production","2023","Kilowatt-hours, million","425996.087",""
"Brazil","Electricity - total hydro production","2022","Kilowatt-hours, million","427113.549",""
"Brazil","Electricity - total hydro production","2021","Kilowatt-hours, million","362818.451",""
"Brazil","Electricity - total hydro production","2020","Kilowatt-hours, million","396328",""
"Brazil","Electricity - total hydro production","2019","Kilowatt-hours, million","397877",""
"Bulgaria","Electricity - total hydro production","2022","Kilowatt-hours, million","3833.256",""
"Bulgaria","Electricity - total hydro production","2021","Kilowatt-hours, million","5067.133",""
"Bulgaria","Electricity - total hydro production","2020","Kilowatt-hours, million","3320.258",""
"Bulgaria","Electricity - total hydro production","2019","Kilowatt-hours, million","3382.745",""
"Burkina Faso","Electricity - total hydro production","2023","Kilowatt-hours, million","88","1"
"Burkina Faso","Electricity - total hydro production","2022","Kilowatt-hours, million","82.4",""
"Burkina Faso","Electricity - total hydro production","2021","Kilowatt-hours, million","127.5",""
"Burkina Faso","Electricity - total hydro production","2020","Kilowatt-hours, million","112.4",""
"Burkina Faso","Electricity - total hydro production","2019","Kilowatt-hours, million","105.317",""
"Burundi","Electricity - total hydro production","2023","Kilowatt-hours, million","242.473",""
"Burundi","Electricity - total hydro production","2022","Kilowatt-hours, million","167.199",""
"Burundi","Electricity - total hydro production","2021","Kilowatt-hours, million","130.704",""
"Burundi","Electricity - total hydro production","2020","Kilowatt-hours, million","175.959",""
"Burundi","Electricity - total hydro production","2019","Kilowatt-hours, million","132.044",""
"Cambodia","Electricity - total hydro production","2022","Kilowatt-hours, million","6157.347",""
"Cambodia","Electricity - total hydro production","2021","Kilowatt-hours, million","5249.286",""
"Cambodia","Electricity - total hydro production","2020","Kilowatt-hours, million","4048.364",""
"Cambodia","Electricity - total hydro production","2019","Kilowatt-hours, million","4025",""
"Cameroon","Electricity - total hydro production","2022","Kilowatt-hours, million","7032.749",""
"Cameroon","Electricity - total hydro production","2021","Kilowatt-hours, million","6308.682",""
"Cameroon","Electricity - total hydro production","2020","Kilowatt-hours, million","4945.4",""
"Cameroon","Electricity - total hydro production","2019","Kilowatt-hours, million","5229.445",""
"Canada","Electricity - total hydro production","2022","Kilowatt-hours, million","397727",""
"Canada","Electricity - total hydro production","2021","Kilowatt-hours, million","383963",""
"Canada","Electricity - total hydro production","2020","Kilowatt-hours, million","386617",""
"Canada","Electricity - total hydro production","2019","Kilowatt-hours, million","381843",""
"Central African Rep.","Electricity - total hydro production","2023","Kilowatt-hours, million","142.69","1"
"Central African Rep.","Electricity - total hydro production","2022","Kilowatt-hours, million","141.27",""
"Central African Rep.","Electricity - total hydro production","2021","Kilowatt-hours, million","140.081",""
"Central African Rep.","Electricity - total hydro production","2020","Kilowatt-hours, million","140.081",""
"Central African Rep.","Electricity - total hydro production","2019","Kilowatt-hours, million","140.325",""
"Chile","Electricity - total hydro production","2022","Kilowatt-hours, million","20684.438",""
"Chile","Electricity - total hydro production","2021","Kilowatt-hours, million","19347.883",""
"Chile","Electricity - total hydro production","2020","Kilowatt-hours, million","21873.09",""
"Chile","Electricity - total hydro production","2019","Kilowatt-hours, million","22477.013",""
"China","Electricity - total hydro production","2022","Kilowatt-hours, million","1352195",""
"China","Electricity - total hydro production","2021","Kilowatt-hours, million","1339000",""
"China","Electricity - total hydro production","2020","Kilowatt-hours, million","1355210",""
"China","Electricity - total hydro production","2019","Kilowatt-hours, million","1304440",""
"Colombia","Electricity - total hydro production","2022","Kilowatt-hours, million","62248.191",""
"Colombia","Electricity - total hydro production","2021","Kilowatt-hours, million","62318.28",""
"Colombia","Electricity - total hydro production","2020","Kilowatt-hours, million","49977.353",""
"Colombia","Electricity - total hydro production","2019","Kilowatt-hours, million","54593.646",""
"Congo","Electricity - total hydro production","2022","Kilowatt-hours, million","1119",""
"Congo","Electricity - total hydro production","2021","Kilowatt-hours, million","989",""
"Congo","Electricity - total hydro production","2020","Kilowatt-hours, million","900.45",""
"Congo","Electricity - total hydro production","2019","Kilowatt-hours, million","846.89",""
"Costa Rica","Electricity - total hydro production","2022","Kilowatt-hours, million","9448.709",""
"Costa Rica","Electricity - total hydro production","2021","Kilowatt-hours, million","9285.714",""
"Costa Rica","Electricity - total hydro production","2020","Kilowatt-hours, million","8294.32",""
"Costa Rica","Electricity - total hydro production","2019","Kilowatt-hours, million","7826.661",""
"Côte d'Ivoire","Electricity - total hydro production","2022","Kilowatt-hours, million","2846",""
"Côte d'Ivoire","Electricity - total hydro production","2021","Kilowatt-hours, million","2626",""
"Côte d'Ivoire","Electricity - total hydro production","2020","Kilowatt-hours, million","3376",""
"Côte d'Ivoire","Electricity - total hydro production","2019","Kilowatt-hours, million","3481",""
"Croatia","Electricity - total hydro production","2022","Kilowatt-hours, million","5573.7",""
"Croatia","Electricity - total hydro production","2021","Kilowatt-hours, million","7228.7",""
"Croatia","Electricity - total hydro production","2020","Kilowatt-hours, million","5810.4",""
"Croatia","Electricity - total hydro production","2019","Kilowatt-hours, million","5932.6",""
"Cuba","Electricity - total hydro production","2022","Kilowatt-hours, million","120.2",""
"Cuba","Electricity - total hydro production","2021","Kilowatt-hours, million","119.7",""
"Cuba","Electricity - total hydro production","2020","Kilowatt-hours, million","111.9",""
"Cuba","Electricity - total hydro production","2019","Kilowatt-hours, million","124.5",""
"Czechia","Electricity - total hydro production","2022","Kilowatt-hours, million","3083.174",""
"Czechia","Electricity - total hydro production","2021","Kilowatt-hours, million","3619.924",""
"Czechia","Electricity - total hydro production","2020","Kilowatt-hours, million","3436.963",""
"Czechia","Electricity - total hydro production","2019","Kilowatt-hours, million","3174.686",""
"Dem. Rep. of the Congo","Electricity - total hydro production","2022","Kilowatt-hours, million","13191.911",""
"Dem. Rep. of the Congo","Electricity - total hydro production","2021","Kilowatt-hours, million","13131.045",""
"Dem. Rep. of the Congo","Electricity - total hydro production","2020","Kilowatt-hours, million","12452.941",""
"Dem. Rep. of the Congo","Electricity - total hydro production","2019","Kilowatt-hours, million","11482.61",""
"Denmark","Electricity - total hydro production","2022","Kilowatt-hours, million","14.944",""
"Denmark","Electricity - total hydro production","2021","Kilowatt-hours, million","16.294",""
"Denmark","Electricity - total hydro production","2020","Kilowatt-hours, million","17.064",""
"Denmark","Electricity - total hydro production","2019","Kilowatt-hours, million","16.956",""
"Dominica","Electricity - total hydro production","2023","Kilowatt-hours, million","23.89","1"
"Dominica","Electricity - total hydro production","2022","Kilowatt-hours, million","22.691",""
"Dominica","Electricity - total hydro production","2021","Kilowatt-hours, million","19.822",""
"Dominica","Electricity - total hydro production","2020","Kilowatt-hours, million","19.24",""
"Dominica","Electricity - total hydro production","2019","Kilowatt-hours, million","20.15",""
"Dominican Republic","Electricity - total hydro production","2022","Kilowatt-hours, million","1298.38",""
"Dominican Republic","Electricity - total hydro production","2021","Kilowatt-hours, million","1858.97",""
"Dominican Republic","Electricity - total hydro production","2020","Kilowatt-hours, million","1574.5",""
"Dominican Republic","Electricity - total hydro production","2019","Kilowatt-hours, million","1298.38",""
"Ecuador","Electricity - total hydro production","2023","Kilowatt-hours, million","25348.72",""
"Ecuador","Electricity - total hydro production","2022","Kilowatt-hours, million","24635.157",""
"Ecuador","Electricity - total hydro production","2021","Kilowatt-hours, million","25574.611",""
"Ecuador","Electricity - total hydro production","2020","Kilowatt-hours, million","24333.262",""
"Ecuador","Electricity - total hydro production","2019","Kilowatt-hours, million","24640.573",""
"Egypt","Electricity - total hydro production","2022","Kilowatt-hours, million","14646",""
"Egypt","Electricity - total hydro production","2021","Kilowatt-hours, million","14769",""
"Egypt","Electricity - total hydro production","2020","Kilowatt-hours, million","15038",""
"Egypt","Electricity - total hydro production","2019","Kilowatt-hours, million","13121",""
"El Salvador","Electricity - total hydro production","2023","Kilowatt-hours, million","1568.303",""
"El Salvador","Electricity - total hydro production","2022","Kilowatt-hours, million","2234.127",""
"El Salvador","Electricity - total hydro production","2021","Kilowatt-hours, million","1816.97064",""
"El Salvador","Electricity - total hydro production","2020","Kilowatt-hours, million","2066.60148",""
"El Salvador","Electricity - total hydro production","2019","Kilowatt-hours, million","1522.16409",""
"Equatorial Guinea","Electricity - total hydro production","2023","Kilowatt-hours, million","600","1"
"Equatorial Guinea","Electricity - total hydro production","2022","Kilowatt-hours, million","600","1"
"Equatorial Guinea","Electricity - total hydro production","2021","Kilowatt-hours, million","620","1"
"Equatorial Guinea","Electricity - total hydro production","2020","Kilowatt-hours, million","620","1"
"Equatorial Guinea","Electricity - total hydro production","2019","Kilowatt-hours, million","620","1"
"Estonia","Electricity - total hydro production","2022","Kilowatt-hours, million","23",""
"Estonia","Electricity - total hydro production","2021","Kilowatt-hours, million","23",""
"Estonia","Electricity - total hydro production","2020","Kilowatt-hours, million","30",""
"Estonia","Electricity - total hydro production","2019","Kilowatt-hours, million","19",""
"Eswatini","Electricity - total hydro production","2023","Kilowatt-hours, million","306","1"
"Eswatini","Electricity - total hydro production","2022","Kilowatt-hours, million","294.52",""
"Eswatini","Electricity - total hydro production","2021","Kilowatt-hours, million","270.268",""
"Eswatini","Electricity - total hydro production","2020","Kilowatt-hours, million","233",""
"Eswatini","Electricity - total hydro production","2019","Kilowatt-hours, million","269.602",""
"Ethiopia","Electricity - total hydro production","2022","Kilowatt-hours, million","16770.811",""
"Ethiopia","Electricity - total hydro production","2021","Kilowatt-hours, million","14882.49",""
"Ethiopia","Electricity - total hydro production","2020","Kilowatt-hours, million","14942.83",""
"Ethiopia","Electricity - total hydro production","2019","Kilowatt-hours, million","14403.7",""
"Faeroe Islands","Electricity - total hydro production","2023","Kilowatt-hours, million","100.2",""
"Faeroe Islands","Electricity - total hydro production","2022","Kilowatt-hours, million","130.864",""
"Faeroe Islands","Electricity - total hydro production","2021","Kilowatt-hours, million","100.3",""
"Faeroe Islands","Electricity - total hydro production","2020","Kilowatt-hours, million","108.7",""
"Faeroe Islands","Electricity - total hydro production","2019","Kilowatt-hours, million","103.5",""
"Fiji","Electricity - total hydro production","2023","Kilowatt-hours, million","600","1"
"Fiji","Electricity - total hydro production","2022","Kilowatt-hours, million","598.096",""
"Fiji","Electricity - total hydro production","2021","Kilowatt-hours, million","547.862",""
"Fiji","Electricity - total hydro production","2020","Kilowatt-hours, million","558.173",""
"Fiji","Electricity - total hydro production","2019","Kilowatt-hours, million","559.392",""
"Finland","Electricity - total hydro production","2022","Kilowatt-hours, million","13491",""
"Finland","Electricity - total hydro production","2021","Kilowatt-hours, million","15792",""
"Finland","Electricity - total hydro production","2020","Kilowatt-hours, million","15883",""
"Finland","Electricity - total hydro production","2019","Kilowatt-hours, million","12421",""
"France","Electricity - total hydro production","2022","Kilowatt-hours, million","51049.096",""
"France","Electricity - total hydro production","2021","Kilowatt-hours, million","63946.742",""
"France","Electricity - total hydro production","2020","Kilowatt-hours, million","67094.32",""
"France","Electricity - total hydro production","2019","Kilowatt-hours, million","61572.316",""
"French Polynesia","Electricity - total hydro production","2023","Kilowatt-hours, million","198.5","1"
"French Polynesia","Electricity - total hydro production","2022","Kilowatt-hours, million","194.4",""
"French Polynesia","Electricity - total hydro production","2021","Kilowatt-hours, million","142.283",""
"French Polynesia","Electricity - total hydro production","2020","Kilowatt-hours, million","159.3",""
"French Polynesia","Electricity - total hydro production","2019","Kilowatt-hours, million","159.362",""
"Gabon","Electricity - total hydro production","2022","Kilowatt-hours, million","1260.21",""
"Gabon","Electricity - total hydro production","2021","Kilowatt-hours, million","1368.368",""
"Gabon","Electricity - total hydro production","2020","Kilowatt-hours, million","1420.468",""
"Gabon","Electricity - total hydro production","2019","Kilowatt-hours, million","1309.638",""
"Georgia","Electricity - total hydro production","2022","Kilowatt-hours, million","10771.4",""
"Georgia","Electricity - total hydro production","2021","Kilowatt-hours, million","10182.1",""
"Georgia","Electricity - total hydro production","2020","Kilowatt-hours, million","8248.2",""
"Georgia","Electricity - total hydro production","2019","Kilowatt-hours, million","8931.7",""
"Germany","Electricity - total hydro production","2022","Kilowatt-hours, million","23576",""
"Germany","Electricity - total hydro production","2021","Kilowatt-hours, million","24972",""
"Germany","Electricity - total hydro production","2020","Kilowatt-hours, million","25275",""
"Germany","Electricity - total hydro production","2019","Kilowatt-hours, million","25671",""
"Ghana","Electricity - total hydro production","2023","Kilowatt-hours, million","9186.5",""
"Ghana","Electricity - total hydro production","2022","Kilowatt-hours, million","8191.9",""
"Ghana","Electricity - total hydro production","2021","Kilowatt-hours, million","7520.816",""
"Ghana","Electricity - total hydro production","2020","Kilowatt-hours, million","7293.2",""
"Ghana","Electricity - total hydro production","2019","Kilowatt-hours, million","7251.6",""
"Greece","Electricity - total hydro production","2022","Kilowatt-hours, million","3999.8",""
"Greece","Electricity - total hydro production","2021","Kilowatt-hours, million","5961.439",""
"Greece","Electricity - total hydro production","2020","Kilowatt-hours, million","3440.303",""
"Greece","Electricity - total hydro production","2019","Kilowatt-hours, million","4050.895",""
"Greenland","Electricity - total hydro production","2023","Kilowatt-hours, million","443.5","1"
"Greenland","Electricity - total hydro production","2022","Kilowatt-hours, million","466.65",""
"Greenland","Electricity - total hydro production","2021","Kilowatt-hours, million","432.6",""
"Greenland","Electricity - total hydro production","2020","Kilowatt-hours, million","430.5",""
"Greenland","Electricity - total hydro production","2019","Kilowatt-hours, million","408.81",""
"Guatemala","Electricity - total hydro production","2023","Kilowatt-hours, million","5601.14",""
"Guatemala","Electricity - total hydro production","2022","Kilowatt-hours, million","6970.26",""
"Guatemala","Electricity - total hydro production","2021","Kilowatt-hours, million","5646.243",""
"Guatemala","Electricity - total hydro production","2020","Kilowatt-hours, million","5966.263",""
"Guatemala","Electricity - total hydro production","2019","Kilowatt-hours, million","4496.824",""
"Guinea","Electricity - total hydro production","2023","Kilowatt-hours, million","2950","1"
"Guinea","Electricity - total hydro production","2022","Kilowatt-hours, million","2938",""
"Guinea","Electricity - total hydro production","2021","Kilowatt-hours, million","2635.49",""
"Guinea","Electricity - total hydro production","2020","Kilowatt-hours, million","1484.414",""
"Guinea","Electricity - total hydro production","2019","Kilowatt-hours, million","1279.59",""
"Haiti","Electricity - total hydro production","2022","Kilowatt-hours, million","184.5",""
"Haiti","Electricity - total hydro production","2021","Kilowatt-hours, million","133.8",""
"Haiti","Electricity - total hydro production","2020","Kilowatt-hours, million","143.5",""
"Haiti","Electricity - total hydro production","2019","Kilowatt-hours, million","174",""
"Honduras","Electricity - total hydro production","2023","Kilowatt-hours, million","3208.08853",""
"Honduras","Electricity - total hydro production","2022","Kilowatt-hours, million","3882.6156",""
"Honduras","Electricity - total hydro production","2021","Kilowatt-hours, million","3765.217",""
"Honduras","Electricity - total hydro production","2020","Kilowatt-hours, million","2700.64",""
"Honduras","Electricity - total hydro production","2019","Kilowatt-hours, million","2430.08",""
"Hungary","Electricity - total hydro production","2022","Kilowatt-hours, million","178",""
"Hungary","Electricity - total hydro production","2021","Kilowatt-hours, million","212",""
"Hungary","Electricity - total hydro production","2020","Kilowatt-hours, million","244",""
"Hungary","Electricity - total hydro production","2019","Kilowatt-hours, million","219",""
"Iceland","Electricity - total hydro production","2022","Kilowatt-hours, million","14195.722",""
"Iceland","Electricity - total hydro production","2021","Kilowatt-hours, million","13803.999",""
"Iceland","Electricity - total hydro production","2020","Kilowatt-hours, million","13156.972",""
"Iceland","Electricity - total hydro production","2019","Kilowatt-hours, million","13461.466",""
"India","Electricity - total hydro production","2022","Kilowatt-hours, million","162499",""
"India","Electricity - total hydro production","2021","Kilowatt-hours, million","162441","1"
"India","Electricity - total hydro production","2020","Kilowatt-hours, million","160909","1"
"India","Electricity - total hydro production","2019","Kilowatt-hours, million","156049",""
"Indonesia","Electricity - total hydro production","2022","Kilowatt-hours, million","25013",""
"Indonesia","Electricity - total hydro production","2021","Kilowatt-hours, million","19580",""
"Indonesia","Electricity - total hydro production","2020","Kilowatt-hours, million","21624",""
"Indonesia","Electricity - total hydro production","2019","Kilowatt-hours, million","20435.41",""
"Iran (Islamic Rep. of)","Electricity - total hydro production","2022","Kilowatt-hours, million","12619.435",""
"Iran (Islamic Rep. of)","Electricity - total hydro production","2021","Kilowatt-hours, million","12267",""
"Iran (Islamic Rep. of)","Electricity - total hydro production","2020","Kilowatt-hours, million","22075.5",""
"Iran (Islamic Rep. of)","Electricity - total hydro production","2019","Kilowatt-hours, million","31087.469",""
"Iraq","Electricity - total hydro production","2022","Kilowatt-hours, million","2650.656",""
"Iraq","Electricity - total hydro production","2021","Kilowatt-hours, million","3345.8",""
"Iraq","Electricity - total hydro production","2020","Kilowatt-hours, million","4161.6",""
"Iraq","Electricity - total hydro production","2019","Kilowatt-hours, million","4963.3",""
"Ireland","Electricity - total hydro production","2022","Kilowatt-hours, million","948.206",""
"Ireland","Electricity - total hydro production","2021","Kilowatt-hours, million","1035.695",""
"Ireland","Electricity - total hydro production","2020","Kilowatt-hours, million","1224.218",""
"Ireland","Electricity - total hydro production","2019","Kilowatt-hours, million","1131.903",""
"Isle of Man","Electricity - total hydro production","2023","Kilowatt-hours, million","2.2","1"
"Isle of Man","Electricity - total hydro production","2022","Kilowatt-hours, million","2.2",""
"Isle of Man","Electricity - total hydro production","2021","Kilowatt-hours, million","4",""
"Isle of Man","Electricity - total hydro production","2020","Kilowatt-hours, million","3.5",""
"Isle of Man","Electricity - total hydro production","2019","Kilowatt-hours, million","3.2",""
"Italy","Electricity - total hydro production","2022","Kilowatt-hours, million","30290.743",""
"Italy","Electricity - total hydro production","2021","Kilowatt-hours, million","47478.36",""
"Italy","Electricity - total hydro production","2020","Kilowatt-hours, million","49495.255",""
"Italy","Electricity - total hydro production","2019","Kilowatt-hours, million","48153.516",""
"Jamaica","Electricity - total hydro production","2023","Kilowatt-hours, million","110.72",""
"Jamaica","Electricity - total hydro production","2022","Kilowatt-hours, million","115.6",""
"Jamaica","Electricity - total hydro production","2021","Kilowatt-hours, million","139",""
"Jamaica","Electricity - total hydro production","2020","Kilowatt-hours, million","136",""
"Jamaica","Electricity - total hydro production","2019","Kilowatt-hours, million","155",""
"Japan","Electricity - total hydro production","2022","Kilowatt-hours, million","86038.274",""
"Japan","Electricity - total hydro production","2021","Kilowatt-hours, million","88825.28",""
"Japan","Electricity - total hydro production","2020","Kilowatt-hours, million","87548.296",""
"Japan","Electricity - total hydro production","2019","Kilowatt-hours, million","87653.221",""
"Jordan","Electricity - total hydro production","2022","Kilowatt-hours, million","19.1",""
"Jordan","Electricity - total hydro production","2021","Kilowatt-hours, million","18.7",""
"Jordan","Electricity - total hydro production","2020","Kilowatt-hours, million","18.3",""
"Jordan","Electricity - total hydro production","2019","Kilowatt-hours, million","18.4",""
"Kazakhstan","Electricity - total hydro production","2023","Kilowatt-hours, million","8809",""
"Kazakhstan","Electricity - total hydro production","2022","Kilowatt-hours, million","9201.3",""
"Kazakhstan","Electricity - total hydro production","2021","Kilowatt-hours, million","9208.472",""
"Kazakhstan","Electricity - total hydro production","2020","Kilowatt-hours, million","9660.324",""
"Kazakhstan","Electricity - total hydro production","2019","Kilowatt-hours, million","9993.659",""
"Kenya","Electricity - total hydro production","2022","Kilowatt-hours, million","3067.507",""
"Kenya","Electricity - total hydro production","2021","Kilowatt-hours, million","3675",""
"Kenya","Electricity - total hydro production","2020","Kilowatt-hours, million","4232.7",""
"Kenya","Electricity - total hydro production","2019","Kilowatt-hours, million","3205.3",""
"Korea, Dem.Ppl's.Rep.","Electricity - total hydro production","2022","Kilowatt-hours, million","16600",""
"Korea, Dem.Ppl's.Rep.","Electricity - total hydro production","2021","Kilowatt-hours, million","16100",""
"Korea, Dem.Ppl's.Rep.","Electricity - total hydro production","2020","Kilowatt-hours, million","12800",""
"Korea, Dem.Ppl's.Rep.","Electricity - total hydro production","2019","Kilowatt-hours, million","11000",""
"Korea, Republic of","Electricity - total hydro production","2022","Kilowatt-hours, million","7256.228",""
"Korea, Republic of","Electricity - total hydro production","2021","Kilowatt-hours, million","6737.434",""
"Korea, Republic of","Electricity - total hydro production","2020","Kilowatt-hours, million","7148.249",""
"Korea, Republic of","Electricity - total hydro production","2019","Kilowatt-hours, million","6249.461",""
"Kosovo","Electricity - total hydro production","2022","Kilowatt-hours, million","260.112",""
"Kosovo","Electricity - total hydro production","2021","Kilowatt-hours, million","296.962",""
"Kosovo","Electricity - total hydro production","2020","Kilowatt-hours, million","262.8",""
"Kosovo","Electricity - total hydro production","2019","Kilowatt-hours, million","210.495",""
"Kyrgyzstan","Electricity - total hydro production","2023","Kilowatt-hours, million","12027",""
"Kyrgyzstan","Electricity - total hydro production","2022","Kilowatt-hours, million","11929",""
"Kyrgyzstan","Electricity - total hydro production","2021","Kilowatt-hours, million","12957",""
"Kyrgyzstan","Electricity - total hydro production","2020","Kilowatt-hours, million","13979",""
"Kyrgyzstan","Electricity - total hydro production","2019","Kilowatt-hours, million","13844",""
"Lao People's Dem. Rep.","Electricity - total hydro production","2023","Kilowatt-hours, million","38854","1"
"Lao People's Dem. Rep.","Electricity - total hydro production","2022","Kilowatt-hours, million","38736.111",""
"Lao People's Dem. Rep.","Electricity - total hydro production","2021","Kilowatt-hours, million","31072.14","1"
"Lao People's Dem. Rep.","Electricity - total hydro production","2020","Kilowatt-hours, million","26261.76","1"
"Lao People's Dem. Rep.","Electricity - total hydro production","2019","Kilowatt-hours, million","18899",""
"Latvia","Electricity - total hydro production","2022","Kilowatt-hours, million","2749.823",""
"Latvia","Electricity - total hydro production","2021","Kilowatt-hours, million","2707.796",""
"Latvia","Electricity - total hydro production","2020","Kilowatt-hours, million","2603.041",""
"Latvia","Electricity - total hydro production","2019","Kilowatt-hours, million","2107.554",""
"Lebanon","Electricity - total hydro production","2023","Kilowatt-hours, million","535.816",""
"Lebanon","Electricity - total hydro production","2022","Kilowatt-hours, million","694.876",""
"Lebanon","Electricity - total hydro production","2021","Kilowatt-hours, million","611.949",""
"Lebanon","Electricity - total hydro production","2020","Kilowatt-hours, million","842.542",""
"Lebanon","Electricity - total hydro production","2019","Kilowatt-hours, million","965.016",""
"Lesotho","Electricity - total hydro production","2023","Kilowatt-hours, million","470.604398",""
"Lesotho","Electricity - total hydro production","2022","Kilowatt-hours, million","480.3",""
"Lesotho","Electricity - total hydro production","2021","Kilowatt-hours, million","531.4",""
"Lesotho","Electricity - total hydro production","2020","Kilowatt-hours, million","426.3",""
"Lesotho","Electricity - total hydro production","2019","Kilowatt-hours, million","392.44",""
"Liberia","Electricity - total hydro production","2023","Kilowatt-hours, million","225.929","1"
"Liberia","Electricity - total hydro production","2022","Kilowatt-hours, million","227.815",""
"Liberia","Electricity - total hydro production","2021","Kilowatt-hours, million","223.386",""
"Liberia","Electricity - total hydro production","2020","Kilowatt-hours, million","124","1"
"Liberia","Electricity - total hydro production","2019","Kilowatt-hours, million","124","1"
"Liechtenstein","Electricity - total hydro production","2023","Kilowatt-hours, million","77.2",""
"Liechtenstein","Electricity - total hydro production","2022","Kilowatt-hours, million","61.6",""
"Liechtenstein","Electricity - total hydro production","2021","Kilowatt-hours, million","73.7",""
"Liechtenstein","Electricity - total hydro production","2020","Kilowatt-hours, million","72.6",""
"Liechtenstein","Electricity - total hydro production","2019","Kilowatt-hours, million","74.5",""
"Lithuania","Electricity - total hydro production","2022","Kilowatt-hours, million","1020.6",""
"Lithuania","Electricity - total hydro production","2021","Kilowatt-hours, million","1093.9",""
"Lithuania","Electricity - total hydro production","2020","Kilowatt-hours, million","1080.1",""
"Lithuania","Electricity - total hydro production","2019","Kilowatt-hours, million","947.7",""
"Luxembourg","Electricity - total hydro production","2022","Kilowatt-hours, million","1123.558",""
"Luxembourg","Electricity - total hydro production","2021","Kilowatt-hours, million","1084.772",""
"Luxembourg","Electricity - total hydro production","2020","Kilowatt-hours, million","1094.074",""
"Luxembourg","Electricity - total hydro production","2019","Kilowatt-hours, million","949.291",""
"Madagascar","Electricity - total hydro production","2023","Kilowatt-hours, million","982.6",""
"Madagascar","Electricity - total hydro production","2022","Kilowatt-hours, million","822.45",""
"Madagascar","Electricity - total hydro production","2021","Kilowatt-hours, million","767.34",""
"Madagascar","Electricity - total hydro production","2020","Kilowatt-hours, million","817.906",""
"Madagascar","Electricity - total hydro production","2019","Kilowatt-hours, million","886.3",""
"Malawi","Electricity - total hydro production","2023","Kilowatt-hours, million","1700","1"
"Malawi","Electricity - total hydro production","2022","Kilowatt-hours, million","1756.62",""
"Malawi","Electricity - total hydro production","2021","Kilowatt-hours, million","2194.22",""
"Malawi","Electricity - total hydro production","2020","Kilowatt-hours, million","1866.97",""
"Malawi","Electricity - total hydro production","2019","Kilowatt-hours, million","1646.6",""
"Malaysia","Electricity - total hydro production","2022","Kilowatt-hours, million","31101",""
"Malaysia","Electricity - total hydro production","2021","Kilowatt-hours, million","31101",""
"Malaysia","Electricity - total hydro production","2020","Kilowatt-hours, million","27294.662",""
"Malaysia","Electricity - total hydro production","2019","Kilowatt-hours, million","26166.55",""
"Mali","Electricity - total hydro production","2023","Kilowatt-hours, million","1823","1"
"Mali","Electricity - total hydro production","2022","Kilowatt-hours, million","1787.3",""
"Mali","Electricity - total hydro production","2021","Kilowatt-hours, million","1473","1"
"Mali","Electricity - total hydro production","2020","Kilowatt-hours, million","1444.156",""
"Mali","Electricity - total hydro production","2019","Kilowatt-hours, million","1365.202",""
"Mauritius","Electricity - total hydro production","2022","Kilowatt-hours, million","128.3",""
"Mauritius","Electricity - total hydro production","2021","Kilowatt-hours, million","106.9",""
"Mauritius","Electricity - total hydro production","2020","Kilowatt-hours, million","115.8",""
"Mauritius","Electricity - total hydro production","2019","Kilowatt-hours, million","98.6",""
"Mexico","Electricity - total hydro production","2022","Kilowatt-hours, million","35851",""
"Mexico","Electricity - total hydro production","2021","Kilowatt-hours, million","34537",""
"Mexico","Electricity - total hydro production","2020","Kilowatt-hours, million","26817",""
"Mexico","Electricity - total hydro production","2019","Kilowatt-hours, million","23716",""
"Micronesia (Fed. States of)","Electricity - total hydro production","2023","Kilowatt-hours, million","1.27","1"
"Micronesia (Fed. States of)","Electricity - total hydro production","2022","Kilowatt-hours, million","1.3","1"
"Micronesia (Fed. States of)","Electricity - total hydro production","2021","Kilowatt-hours, million","1.023","1"
"Micronesia (Fed. States of)","Electricity - total hydro production","2020","Kilowatt-hours, million","1.27",""
"Micronesia (Fed. States of)","Electricity - total hydro production","2019","Kilowatt-hours, million","1.27",""
"Mongolia","Electricity - total hydro production","2023","Kilowatt-hours, million","47.605",""
"Mongolia","Electricity - total hydro production","2022","Kilowatt-hours, million","67.868",""
"Mongolia","Electricity - total hydro production","2021","Kilowatt-hours, million","137.939",""
"Mongolia","Electricity - total hydro production","2020","Kilowatt-hours, million","85",""
"Mongolia","Electricity - total hydro production","2019","Kilowatt-hours, million","85","1"
"Montenegro","Electricity - total hydro production","2023","Kilowatt-hours, million","2221.3",""
"Montenegro","Electricity - total hydro production","2022","Kilowatt-hours, million","1444.1",""
"Montenegro","Electricity - total hydro production","2021","Kilowatt-hours, million","2010.1",""
"Montenegro","Electricity - total hydro production","2020","Kilowatt-hours, million","1447.8",""
"Montenegro","Electricity - total hydro production","2019","Kilowatt-hours, million","1621.1",""
"Morocco","Electricity - total hydro production","2022","Kilowatt-hours, million","679.382",""
"Morocco","Electricity - total hydro production","2021","Kilowatt-hours, million","1212.652",""
"Morocco","Electricity - total hydro production","2020","Kilowatt-hours, million","1290.087",""
"Morocco","Electricity - total hydro production","2019","Kilowatt-hours, million","1653.781",""
"Mozambique","Electricity - total hydro production","2022","Kilowatt-hours, million","16173.409",""
"Mozambique","Electricity - total hydro production","2021","Kilowatt-hours, million","15467.967",""
"Mozambique","Electricity - total hydro production","2020","Kilowatt-hours, million","15703.34",""
"Mozambique","Electricity - total hydro production","2019","Kilowatt-hours, million","14929.619",""
"Myanmar","Electricity - total hydro production","2023","Kilowatt-hours, million","9281.87",""
"Myanmar","Electricity - total hydro production","2022","Kilowatt-hours, million","9069.93",""
"Myanmar","Electricity - total hydro production","2021","Kilowatt-hours, million","9590.08",""
"Myanmar","Electricity - total hydro production","2020","Kilowatt-hours, million","8370.26",""
"Myanmar","Electricity - total hydro production","2019","Kilowatt-hours, million","9369.08",""
"Namibia","Electricity - total hydro production","2023","Kilowatt-hours, million","1323.29488",""
"Namibia","Electricity - total hydro production","2022","Kilowatt-hours, million","781.18",""
"Namibia","Electricity - total hydro production","2021","Kilowatt-hours, million","968",""
"Namibia","Electricity - total hydro production","2020","Kilowatt-hours, million","1505",""
"Namibia","Electricity - total hydro production","2019","Kilowatt-hours, million","954",""
"Nepal","Electricity - total hydro production","2023","Kilowatt-hours, million","12687",""
"Nepal","Electricity - total hydro production","2022","Kilowatt-hours, million","10536",""
"Nepal","Electricity - total hydro production","2021","Kilowatt-hours, million","9533.739",""
"Nepal","Electricity - total hydro production","2020","Kilowatt-hours, million","6092.41",""
"Nepal","Electricity - total hydro production","2019","Kilowatt-hours, million","6060.56",""
"Netherlands (Kingd. of the)","Electricity - total hydro production","2022","Kilowatt-hours, million","49.998",""
"Netherlands (Kingd. of the)","Electricity - total hydro production","2021","Kilowatt-hours, million","88.24",""
"Netherlands (Kingd. of the)","Electricity - total hydro production","2020","Kilowatt-hours, million","46.066",""
"Netherlands (Kingd. of the)","Electricity - total hydro production","2019","Kilowatt-hours, million","74.182",""
"New Caledonia","Electricity - total hydro production","2023","Kilowatt-hours, million","421.01",""
"New Caledonia","Electricity - total hydro production","2022","Kilowatt-hours, million","538.61",""
"New Caledonia","Electricity - total hydro production","2021","Kilowatt-hours, million","424.918",""
"New Caledonia","Electricity - total hydro production","2020","Kilowatt-hours, million","304.997",""
"New Caledonia","Electricity - total hydro production","2019","Kilowatt-hours, million","284.77",""
"New Zealand","Electricity - total hydro production","2022","Kilowatt-hours, million","26273.578",""
"New Zealand","Electricity - total hydro production","2021","Kilowatt-hours, million","24232.31",""
"New Zealand","Electricity - total hydro production","2020","Kilowatt-hours, million","24265.767",""
"New Zealand","Electricity - total hydro production","2019","Kilowatt-hours, million","25596.092",""
"Nicaragua","Electricity - total hydro production","2022","Kilowatt-hours, million","650.152",""
"Nicaragua","Electricity - total hydro production","2021","Kilowatt-hours, million","599.026",""
"Nicaragua","Electricity - total hydro production","2020","Kilowatt-hours, million","574.471",""
"Nicaragua","Electricity - total hydro production","2019","Kilowatt-hours, million","226.986",""
"Nigeria","Electricity - total hydro production","2022","Kilowatt-hours, million","9204.19",""
"Nigeria","Electricity - total hydro production","2021","Kilowatt-hours, million","7942.92",""
"Nigeria","Electricity - total hydro production","2020","Kilowatt-hours, million","7689.6",""
"Nigeria","Electricity - total hydro production","2019","Kilowatt-hours, million","8433",""
"North Macedonia","Electricity - total hydro production","2023","Kilowatt-hours, million","1622.933",""
"North Macedonia","Electricity - total hydro production","2022","Kilowatt-hours, million","1345.316",""
"North Macedonia","Electricity - total hydro production","2021","Kilowatt-hours, million","1451.623",""
"North Macedonia","Electricity - total hydro production","2020","Kilowatt-hours, million","1277.144",""
"North Macedonia","Electricity - total hydro production","2019","Kilowatt-hours, million","1163.673",""
"Norway","Electricity - total hydro production","2022","Kilowatt-hours, million","129366.384",""
"Norway","Electricity - total hydro production","2021","Kilowatt-hours, million","144368.234",""
"Norway","Electricity - total hydro production","2020","Kilowatt-hours, million","142470.96",""
"Norway","Electricity - total hydro production","2019","Kilowatt-hours, million","126029.771",""
"Other Asia","Electricity - total hydro production","2022","Kilowatt-hours, million","8898.696",""
"Other Asia","Electricity - total hydro production","2021","Kilowatt-hours, million","6653.101",""
"Other Asia","Electricity - total hydro production","2020","Kilowatt-hours, million","6178.069",""
"Other Asia","Electricity - total hydro production","2019","Kilowatt-hours, million","8752.897",""
"Pakistan","Electricity - total hydro production","2022","Kilowatt-hours, million","35273",""
"Pakistan","Electricity - total hydro production","2021","Kilowatt-hours, million","35069",""
"Pakistan","Electricity - total hydro production","2020","Kilowatt-hours, million","38936",""
"Pakistan","Electricity - total hydro production","2019","Kilowatt-hours, million","38802",""
"Panama","Electricity - total hydro production","2023","Kilowatt-hours, million","6140.8",""
"Panama","Electricity - total hydro production","2022","Kilowatt-hours, million","8116.48",""
"Panama","Electricity - total hydro production","2021","Kilowatt-hours, million","8625.2",""
"Panama","Electricity - total hydro production","2020","Kilowatt-hours, million","7501.5",""
"Panama","Electricity - total hydro production","2019","Kilowatt-hours, million","5196",""
"Papua New Guinea","Electricity - total hydro production","2023","Kilowatt-hours, million","994.444444444444","1"
"Papua New Guinea","Electricity - total hydro production","2022","Kilowatt-hours, million","830","1"
"Papua New Guinea","Electricity - total hydro production","2021","Kilowatt-hours, million","1000",""
"Papua New Guinea","Electricity - total hydro production","2020","Kilowatt-hours, million","972.222223",""
"Papua New Guinea","Electricity - total hydro production","2019","Kilowatt-hours, million","1095",""
"Paraguay","Electricity - total hydro production","2023","Kilowatt-hours, million","52811.72",""
"Paraguay","Electricity - total hydro production","2022","Kilowatt-hours, million","43879.5",""
"Paraguay","Electricity - total hydro production","2021","Kilowatt-hours, million","40574.21",""
"Paraguay","Electricity - total hydro production","2020","Kilowatt-hours, million","46371.04",""
"Paraguay","Electricity - total hydro production","2019","Kilowatt-hours, million","49445.76",""
"Peru","Electricity - total hydro production","2022","Kilowatt-hours, million","29743.8",""
"Peru","Electricity - total hydro production","2021","Kilowatt-hours, million","31889.996",""
"Peru","Electricity - total hydro production","2020","Kilowatt-hours, million","30510.304",""
"Peru","Electricity - total hydro production","2019","Kilowatt-hours, million","31462.088",""
"Philippines","Electricity - total hydro production","2022","Kilowatt-hours, million","10102",""
"Philippines","Electricity - total hydro production","2021","Kilowatt-hours, million","9202.3",""
"Philippines","Electricity - total hydro production","2020","Kilowatt-hours, million","7209",""
"Philippines","Electricity - total hydro production","2019","Kilowatt-hours, million","8042.5",""
"Poland","Electricity - total hydro production","2022","Kilowatt-hours, million","3018.308",""
"Poland","Electricity - total hydro production","2021","Kilowatt-hours, million","3100.777",""
"Poland","Electricity - total hydro production","2020","Kilowatt-hours, million","2936.988",""
"Poland","Electricity - total hydro production","2019","Kilowatt-hours, million","2664.882",""
"Portugal","Electricity - total hydro production","2022","Kilowatt-hours, million","8839.282",""
"Portugal","Electricity - total hydro production","2021","Kilowatt-hours, million","13454.629",""
"Portugal","Electricity - total hydro production","2020","Kilowatt-hours, million","13632.554",""
"Portugal","Electricity - total hydro production","2019","Kilowatt-hours, million","10242.515",""
"Puerto Rico","Electricity - total hydro production","2023","Kilowatt-hours, million","45","1"
"Puerto Rico","Electricity - total hydro production","2022","Kilowatt-hours, million","44.737",""
"Puerto Rico","Electricity - total hydro production","2021","Kilowatt-hours, million","39.709",""
"Puerto Rico","Electricity - total hydro production","2020","Kilowatt-hours, million","50.5",""
"Puerto Rico","Electricity - total hydro production","2019","Kilowatt-hours, million","41",""
"Republic of Moldova","Electricity - total hydro production","2023","Kilowatt-hours, million","69.1",""
"Republic of Moldova","Electricity - total hydro production","2022","Kilowatt-hours, million","41",""
"Republic of Moldova","Electricity - total hydro production","2021","Kilowatt-hours, million","68",""
"Republic of Moldova","Electricity - total hydro production","2020","Kilowatt-hours, million","47",""
"Republic of Moldova","Electricity - total hydro production","2019","Kilowatt-hours, million","65",""
"Romania","Electricity - total hydro production","2022","Kilowatt-hours, million","14360.045",""
"Romania","Electricity - total hydro production","2021","Kilowatt-hours, million","17745.008",""
"Romania","Electricity - total hydro production","2020","Kilowatt-hours, million","15701.386",""
"Romania","Electricity - total hydro production","2019","Kilowatt-hours, million","16005.701",""
"Russian Federation","Electricity - total hydro production","2022","Kilowatt-hours, million","199361.176",""
"Russian Federation","Electricity - total hydro production","2021","Kilowatt-hours, million","216392.03",""
"Russian Federation","Electricity - total hydro production","2020","Kilowatt-hours, million","214388.4",""
"Russian Federation","Electricity - total hydro production","2019","Kilowatt-hours, million","196510.443",""
"Rwanda","Electricity - total hydro production","2023","Kilowatt-hours, million","575","1"
"Rwanda","Electricity - total hydro production","2022","Kilowatt-hours, million","554.57",""
"Rwanda","Electricity - total hydro production","2021","Kilowatt-hours, million","544.7",""
"Rwanda","Electricity - total hydro production","2020","Kilowatt-hours, million","494.4",""
"Rwanda","Electricity - total hydro production","2019","Kilowatt-hours, million","387",""
"Samoa","Electricity - total hydro production","2023","Kilowatt-hours, million","45.541",""
"Samoa","Electricity - total hydro production","2022","Kilowatt-hours, million","35.368",""
"Samoa","Electricity - total hydro production","2021","Kilowatt-hours, million","55.283",""
"Samoa","Electricity - total hydro production","2020","Kilowatt-hours, million","41.364",""
"Samoa","Electricity - total hydro production","2019","Kilowatt-hours, million","49.816",""
"Sao Tome and Principe","Electricity - total hydro production","2023","Kilowatt-hours, million","5.9","1"
"Sao Tome and Principe","Electricity - total hydro production","2022","Kilowatt-hours, million","1.859",""
"Sao Tome and Principe","Electricity - total hydro production","2021","Kilowatt-hours, million","5.055",""
"Sao Tome and Principe","Electricity - total hydro production","2020","Kilowatt-hours, million","4.897",""
"Sao Tome and Principe","Electricity - total hydro production","2019","Kilowatt-hours, million","5.8",""
"Serbia","Electricity - total hydro production","2022","Kilowatt-hours, million","9274.434",""
"Serbia","Electricity - total hydro production","2021","Kilowatt-hours, million","11984.227",""
"Serbia","Electricity - total hydro production","2020","Kilowatt-hours, million","9748.645",""
"Serbia","Electricity - total hydro production","2019","Kilowatt-hours, million","10198.239",""
"Sierra Leone","Electricity - total hydro production","2023","Kilowatt-hours, million","226.55","1"
"Sierra Leone","Electricity - total hydro production","2022","Kilowatt-hours, million","215.97",""
"Sierra Leone","Electricity - total hydro production","2021","Kilowatt-hours, million","237.13",""
"Sierra Leone","Electricity - total hydro production","2020","Kilowatt-hours, million","236.1",""
"Sierra Leone","Electricity - total hydro production","2019","Kilowatt-hours, million","236.77",""
"Slovakia","Electricity - total hydro production","2022","Kilowatt-hours, million","3963",""
"Slovakia","Electricity - total hydro production","2021","Kilowatt-hours, million","4552",""
"Slovakia","Electricity - total hydro production","2020","Kilowatt-hours, million","4799",""
"Slovakia","Electricity - total hydro production","2019","Kilowatt-hours, million","4571",""
"Slovenia","Electricity - total hydro production","2022","Kilowatt-hours, million","3400.694",""
"Slovenia","Electricity - total hydro production","2021","Kilowatt-hours, million","4997.067",""
"Slovenia","Electricity - total hydro production","2020","Kilowatt-hours, million","5224.743",""
"Slovenia","Electricity - total hydro production","2019","Kilowatt-hours, million","4682.539",""
"Solomon Islands","Electricity - total hydro production","2023","Kilowatt-hours, million","0.9","1"
"Solomon Islands","Electricity - total hydro production","2022","Kilowatt-hours, million","0.89","1"
"Solomon Islands","Electricity - total hydro production","2021","Kilowatt-hours, million","0.89",""
"Solomon Islands","Electricity - total hydro production","2020","Kilowatt-hours, million","0.89",""
"Solomon Islands","Electricity - total hydro production","2019","Kilowatt-hours, million","0.891",""
"South Africa","Electricity - total hydro production","2022","Kilowatt-hours, million","7245",""
"South Africa","Electricity - total hydro production","2021","Kilowatt-hours, million","6784",""
"South Africa","Electricity - total hydro production","2020","Kilowatt-hours, million","6246",""
"South Africa","Electricity - total hydro production","2019","Kilowatt-hours, million","5791",""
"Spain","Electricity - total hydro production","2022","Kilowatt-hours, million","22102",""
"Spain","Electricity - total hydro production","2021","Kilowatt-hours, million","32847",""
"Spain","Electricity - total hydro production","2020","Kilowatt-hours, million","33998",""
"Spain","Electricity - total hydro production","2019","Kilowatt-hours, million","26874",""
"Sri Lanka","Electricity - total hydro production","2022","Kilowatt-hours, million","6759.468",""
"Sri Lanka","Electricity - total hydro production","2021","Kilowatt-hours, million","7226.5",""
"Sri Lanka","Electricity - total hydro production","2020","Kilowatt-hours, million","4976.351",""
"Sri Lanka","Electricity - total hydro production","2019","Kilowatt-hours, million","4811.9",""
"St. Vincent-Grenadines","Electricity - total hydro production","2023","Kilowatt-hours, million","21.2","1"
"St. Vincent-Grenadines","Electricity - total hydro production","2022","Kilowatt-hours, million","21","1"
"St. Vincent-Grenadines","Electricity - total hydro production","2021","Kilowatt-hours, million","19.221",""
"St. Vincent-Grenadines","Electricity - total hydro production","2020","Kilowatt-hours, million","21.603",""
"St. Vincent-Grenadines","Electricity - total hydro production","2019","Kilowatt-hours, million","21.618",""
"Sudan","Electricity - total hydro production","2022","Kilowatt-hours, million","11803.687",""
"Sudan","Electricity - total hydro production","2021","Kilowatt-hours, million","10061","1"
"Sudan","Electricity - total hydro production","2020","Kilowatt-hours, million","11007.52",""
"Sudan","Electricity - total hydro production","2019","Kilowatt-hours, million","10210",""
"Suriname","Electricity - total hydro production","2022","Kilowatt-hours, million","917.131",""
"Suriname","Electricity - total hydro production","2021","Kilowatt-hours, million","847",""
"Suriname","Electricity - total hydro production","2020","Kilowatt-hours, million","674",""
"Suriname","Electricity - total hydro production","2019","Kilowatt-hours, million","952.437",""
"Sweden","Electricity - total hydro production","2022","Kilowatt-hours, million","69967",""
"Sweden","Electricity - total hydro production","2021","Kilowatt-hours, million","73926",""
"Sweden","Electricity - total hydro production","2020","Kilowatt-hours, million","72440",""
"Sweden","Electricity - total hydro production","2019","Kilowatt-hours, million","65393",""
"Switzerland","Electricity - total hydro production","2022","Kilowatt-hours, million","33836.01",""
"Switzerland","Electricity - total hydro production","2021","Kilowatt-hours, million","39895",""
"Switzerland","Electricity - total hydro production","2020","Kilowatt-hours, million","41022.16",""
"Switzerland","Electricity - total hydro production","2019","Kilowatt-hours, million","40961.56",""
"Syrian Arab Republic","Electricity - total hydro production","2022","Kilowatt-hours, million","754",""
"Syrian Arab Republic","Electricity - total hydro production","2021","Kilowatt-hours, million","754",""
"Syrian Arab Republic","Electricity - total hydro production","2020","Kilowatt-hours, million","754",""
"Syrian Arab Republic","Electricity - total hydro production","2019","Kilowatt-hours, million","754",""
"Tajikistan","Electricity - total hydro production","2023","Kilowatt-hours, million","20632",""
"Tajikistan","Electricity - total hydro production","2022","Kilowatt-hours, million","19924",""
"Tajikistan","Electricity - total hydro production","2021","Kilowatt-hours, million","18967",""
"Tajikistan","Electricity - total hydro production","2020","Kilowatt-hours, million","18114.4",""
"Tajikistan","Electricity - total hydro production","2019","Kilowatt-hours, million","19169.2",""
"Thailand","Electricity - total hydro production","2023","Kilowatt-hours, million","6761",""
"Thailand","Electricity - total hydro production","2022","Kilowatt-hours, million","6834",""
"Thailand","Electricity - total hydro production","2021","Kilowatt-hours, million","4687.35",""
"Thailand","Electricity - total hydro production","2020","Kilowatt-hours, million","4656.37",""
"Thailand","Electricity - total hydro production","2019","Kilowatt-hours, million","6446",""
"Timor-Leste","Electricity - total hydro production","2023","Kilowatt-hours, million","1.5","1"
"Timor-Leste","Electricity - total hydro production","2022","Kilowatt-hours, million","1.5","1"
"Timor-Leste","Electricity - total hydro production","2021","Kilowatt-hours, million","1.5",""
"Timor-Leste","Electricity - total hydro production","2020","Kilowatt-hours, million","1.5",""
"Timor-Leste","Electricity - total hydro production","2019","Kilowatt-hours, million","1.5",""
"Togo","Electricity - total hydro production","2022","Kilowatt-hours, million","78.4",""
"Togo","Electricity - total hydro production","2021","Kilowatt-hours, million","85.58",""
"Togo","Electricity - total hydro production","2020","Kilowatt-hours, million","143.86",""
"Togo","Electricity - total hydro production","2019","Kilowatt-hours, million","236.42",""
"Tunisia","Electricity - total hydro production","2022","Kilowatt-hours, million","14.88",""
"Tunisia","Electricity - total hydro production","2021","Kilowatt-hours, million","28.06",""
"Tunisia","Electricity - total hydro production","2020","Kilowatt-hours, million","46.02",""
"Tunisia","Electricity - total hydro production","2019","Kilowatt-hours, million","65.9",""
"Türkiye","Electricity - total hydro production","2022","Kilowatt-hours, million","66802.497",""
"Türkiye","Electricity - total hydro production","2021","Kilowatt-hours, million","55926.81",""
"Türkiye","Electricity - total hydro production","2020","Kilowatt-hours, million","78094.369",""
"Türkiye","Electricity - total hydro production","2019","Kilowatt-hours, million","88822.776",""
"Turkmenistan","Electricity - total hydro production","2022","Kilowatt-hours, million","5.782",""
"Turkmenistan","Electricity - total hydro production","2021","Kilowatt-hours, million","5.782",""
"Turkmenistan","Electricity - total hydro production","2020","Kilowatt-hours, million","3.154",""
"Turkmenistan","Electricity - total hydro production","2019","Kilowatt-hours, million","3.154",""
"Uganda","Electricity - total hydro production","2023","Kilowatt-hours, million","5662","1"
"Uganda","Electricity - total hydro production","2022","Kilowatt-hours, million","4964.898",""
"Uganda","Electricity - total hydro production","2021","Kilowatt-hours, million","4334.295",""
"Uganda","Electricity - total hydro production","2020","Kilowatt-hours, million","4082.722",""
"Uganda","Electricity - total hydro production","2019","Kilowatt-hours, million","3985.8",""
"Ukraine","Electricity - total hydro production","2022","Kilowatt-hours, million","10904.724",""
"Ukraine","Electricity - total hydro production","2021","Kilowatt-hours, million","10332.6",""
"Ukraine","Electricity - total hydro production","2020","Kilowatt-hours, million","7563.8",""
"Ukraine","Electricity - total hydro production","2019","Kilowatt-hours, million","7855.1",""
"United Kingdom","Electricity - total hydro production","2022","Kilowatt-hours, million","7632.104",""
"United Kingdom","Electricity - total hydro production","2021","Kilowatt-hours, million","7292.405",""
"United Kingdom","Electricity - total hydro production","2020","Kilowatt-hours, million","8407.76",""
"United Kingdom","Electricity - total hydro production","2019","Kilowatt-hours, million","7689.309",""
"United Rep. of Tanzania","Electricity - total hydro production","2022","Kilowatt-hours, million","2820.53",""
"United Rep. of Tanzania","Electricity - total hydro production","2021","Kilowatt-hours, million","3086.3",""
"United Rep. of Tanzania","Electricity - total hydro production","2020","Kilowatt-hours, million","3139.2",""
"United Rep. of Tanzania","Electricity - total hydro production","2019","Kilowatt-hours, million","2477.4",""
"United States","Electricity - total hydro production","2022","Kilowatt-hours, million","279067.291",""
"United States","Electricity - total hydro production","2021","Kilowatt-hours, million","274096.19",""
"United States","Electricity - total hydro production","2020","Kilowatt-hours, million","308212.917",""
"United States","Electricity - total hydro production","2019","Kilowatt-hours, million","310570.934",""
"Uruguay","Electricity - total hydro production","2023","Kilowatt-hours, million","3516.3",""
"Uruguay","Electricity - total hydro production","2022","Kilowatt-hours, million","5685.7",""
"Uruguay","Electricity - total hydro production","2021","Kilowatt-hours, million","5272.8",""
"Uruguay","Electricity - total hydro production","2020","Kilowatt-hours, million","4093.9",""
"Uruguay","Electricity - total hydro production","2019","Kilowatt-hours, million","8108.3",""
"Uzbekistan","Electricity - total hydro production","2022","Kilowatt-hours, million","6484.262",""
"Uzbekistan","Electricity - total hydro production","2021","Kilowatt-hours, million","4972.277",""
"Uzbekistan","Electricity - total hydro production","2020","Kilowatt-hours, million","4999.187",""
"Uzbekistan","Electricity - total hydro production","2019","Kilowatt-hours, million","6461.993",""
"Vanuatu","Electricity - total hydro production","2023","Kilowatt-hours, million","8.5","1"
"Vanuatu","Electricity - total hydro production","2022","Kilowatt-hours, million","8.9",""
"Vanuatu","Electricity - total hydro production","2021","Kilowatt-hours, million","8.28",""
"Vanuatu","Electricity - total hydro production","2020","Kilowatt-hours, million","8.3",""
"Vanuatu","Electricity - total hydro production","2019","Kilowatt-hours, million","7.78",""
"Venezuela (Bolivar. Rep.)","Electricity - total hydro production","2022","Kilowatt-hours, million","68511.77",""
"Venezuela (Bolivar. Rep.)","Electricity - total hydro production","2021","Kilowatt-hours, million","67845.36",""
"Venezuela (Bolivar. Rep.)","Electricity - total hydro production","2020","Kilowatt-hours, million","67190.02",""
"Venezuela (Bolivar. Rep.)","Electricity - total hydro production","2019","Kilowatt-hours, million","62789.4",""
"Viet Nam","Electricity - total hydro production","2022","Kilowatt-hours, million","97894.1660109861",""
"Viet Nam","Electricity - total hydro production","2021","Kilowatt-hours, million","78633",""
"Viet Nam","Electricity - total hydro production","2020","Kilowatt-hours, million","73461",""
"Viet Nam","Electricity - total hydro production","2019","Kilowatt-hours, million","85097",""
"Wallis and Futuna Is.","Electricity - total hydro production","2023","Kilowatt-hours, million","0.39","1"
"Wallis and Futuna Is.","Electricity - total hydro production","2022","Kilowatt-hours, million","0.37","1"
"Wallis and Futuna Is.","Electricity - total hydro production","2021","Kilowatt-hours, million","0.36","1"
"Wallis and Futuna Is.","Electricity - total hydro production","2020","Kilowatt-hours, million","0.35","1"
"Wallis and Futuna Is.","Electricity - total hydro production","2019","Kilowatt-hours, million","0.35","1"
"Zambia","Electricity - total hydro production","2023","Kilowatt-hours, million","17090.6",""
"Zambia","Electricity - total hydro production","2022","Kilowatt-hours, million","17088.838",""
"Zambia","Electricity - total hydro production","2021","Kilowatt-hours, million","16072.683",""
"Zambia","Electricity - total hydro production","2020","Kilowatt-hours, million","12792.759",""
"Zambia","Electricity - total hydro production","2019","Kilowatt-hours, million","12328.8",""
"Zimbabwe","Electricity - total hydro production","2022","Kilowatt-hours, million","5896.99",""
"Zimbabwe","Electricity - total hydro production","2021","Kilowatt-hours, million","5928.23",""
"Zimbabwe","Electricity - total hydro production","2020","Kilowatt-hours, million","3805.347",""
"Zimbabwe","Electricity - total hydro production","2019","Kilowatt-hours, million","4165.599",""

"fnSeqID","Footnote"
"1","Estimate"
