"Country or Area","Commodity - Transaction","Year","Unit","Quantity","Quantity Footnotes"
"Algeria","Electricity - total wind production","2022","Kilowatt-hours, million","15.78",""
"Algeria","Electricity - total wind production","2021","Kilowatt-hours, million","11",""
"Algeria","Electricity - total wind production","2020","Kilowatt-hours, million","8",""
"Algeria","Electricity - total wind production","2019","Kilowatt-hours, million","10",""
"Argentina","Electricity - total wind production","2023","Kilowatt-hours, million","14475",""
"Argentina","Electricity - total wind production","2022","Kilowatt-hours, million","14164",""
"Argentina","Electricity - total wind production","2021","Kilowatt-hours, million","12938",""
"Argentina","Electricity - total wind production","2020","Kilowatt-hours, million","9412.333",""
"Argentina","Electricity - total wind production","2019","Kilowatt-hours, million","4996",""
"Armenia","Electricity - total wind production","2022","Kilowatt-hours, million","1.793",""
"Armenia","Electricity - total wind production","2021","Kilowatt-hours, million","1.45",""
"Armenia","Electricity - total wind production","2020","Kilowatt-hours, million","1.869",""
"Armenia","Electricity - total wind production","2019","Kilowatt-hours, million","3.23",""
"Aruba","Electricity - total wind production","2023","Kilowatt-hours, million","175","1"
"Aruba","Electricity - total wind production","2022","Kilowatt-hours, million","174","1"
"Aruba","Electricity - total wind production","2021","Kilowatt-hours, million","172","1"
"Aruba","Electricity - total wind production","2020","Kilowatt-hours, million","165","1"
"Aruba","Electricity - total wind production","2019","Kilowatt-hours, million","164.9","1"
"Australia","Electricity - total wind production","2022","Kilowatt-hours, million","29107.793",""
"Australia","Electricity - total wind production","2021","Kilowatt-hours, million","24535.369",""
"Australia","Electricity - total wind production","2020","Kilowatt-hours, million","20395.885",""
"Australia","Electricity - total wind production","2019","Kilowatt-hours, million","17712",""
"Austria","Electricity - total wind production","2022","Kilowatt-hours, million","7245.134",""
"Austria","Electricity - total wind production","2021","Kilowatt-hours, million","6740.042",""
"Austria","Electricity - total wind production","2020","Kilowatt-hours, million","6791.53",""
"Austria","Electricity - total wind production","2019","Kilowatt-hours, million","7450.076",""
"Azerbaijan","Electricity - total wind production","2022","Kilowatt-hours, million","83.301",""
"Azerbaijan","Electricity - total wind production","2021","Kilowatt-hours, million","91.401",""
"Azerbaijan","Electricity - total wind production","2020","Kilowatt-hours, million","96.101",""
"Azerbaijan","Electricity - total wind production","2019","Kilowatt-hours, million","105.401",""
"Bahamas","Electricity - total wind production","2023","Kilowatt-hours, million","0.788","1"
"Bahamas","Electricity - total wind production","2022","Kilowatt-hours, million","0.788","1"
"Bahamas","Electricity - total wind production","2021","Kilowatt-hours, million","0.788",""
"Bahamas","Electricity - total wind production","2020","Kilowatt-hours, million","0.788",""
"Bahamas","Electricity - total wind production","2019","Kilowatt-hours, million","0.788",""
"Bahrain","Electricity - total wind production","2023","Kilowatt-hours, million","1.76",""
"Bahrain","Electricity - total wind production","2022","Kilowatt-hours, million","1.64",""
"Bahrain","Electricity - total wind production","2021","Kilowatt-hours, million","0.37",""
"Bangladesh","Electricity - total wind production","2022","Kilowatt-hours, million","6",""
"Bangladesh","Electricity - total wind production","2021","Kilowatt-hours, million","6",""
"Bangladesh","Electricity - total wind production","2020","Kilowatt-hours, million","6",""
"Bangladesh","Electricity - total wind production","2019","Kilowatt-hours, million","6",""
"Belarus","Electricity - total wind production","2022","Kilowatt-hours, million","180.483",""
"Belarus","Electricity - total wind production","2021","Kilowatt-hours, million","168",""
"Belarus","Electricity - total wind production","2020","Kilowatt-hours, million","194",""
"Belarus","Electricity - total wind production","2019","Kilowatt-hours, million","178",""
"Belgium","Electricity - total wind production","2022","Kilowatt-hours, million","12352.6",""
"Belgium","Electricity - total wind production","2021","Kilowatt-hours, million","11997.6",""
"Belgium","Electricity - total wind production","2020","Kilowatt-hours, million","12818.6",""
"Belgium","Electricity - total wind production","2019","Kilowatt-hours, million","9755.4",""
"Bhutan","Electricity - total wind production","2023","Kilowatt-hours, million","0.23",""
"Bhutan","Electricity - total wind production","2022","Kilowatt-hours, million","0.39",""
"Bhutan","Electricity - total wind production","2021","Kilowatt-hours, million","0.39",""
"Bhutan","Electricity - total wind production","2020","Kilowatt-hours, million","1.11",""
"Bhutan","Electricity - total wind production","2019","Kilowatt-hours, million","1.13",""
"Bolivia (Plur. State of)","Electricity - total wind production","2022","Kilowatt-hours, million","438.8",""
"Bolivia (Plur. State of)","Electricity - total wind production","2021","Kilowatt-hours, million","119.6",""
"Bolivia (Plur. State of)","Electricity - total wind production","2020","Kilowatt-hours, million","64.2",""
"Bolivia (Plur. State of)","Electricity - total wind production","2019","Kilowatt-hours, million","70.2",""
"Bonaire, St Eustatius, Saba","Electricity - total wind production","2023","Kilowatt-hours, million","27.44","1"
"Bonaire, St Eustatius, Saba","Electricity - total wind production","2022","Kilowatt-hours, million","27.3","1"
"Bonaire, St Eustatius, Saba","Electricity - total wind production","2021","Kilowatt-hours, million","27.7","1"
"Bonaire, St Eustatius, Saba","Electricity - total wind production","2020","Kilowatt-hours, million","25.4",""
"Bonaire, St Eustatius, Saba","Electricity - total wind production","2019","Kilowatt-hours, million","32.5",""
"Bosnia and Herzegovina","Electricity - total wind production","2022","Kilowatt-hours, million","391",""
"Bosnia and Herzegovina","Electricity - total wind production","2021","Kilowatt-hours, million","382",""
"Bosnia and Herzegovina","Electricity - total wind production","2020","Kilowatt-hours, million","262",""
"Bosnia and Herzegovina","Electricity - total wind production","2019","Kilowatt-hours, million","254",""
"Brazil","Electricity - total wind production","2023","Kilowatt-hours, million","95800.719",""
"Brazil","Electricity - total wind production","2022","Kilowatt-hours, million","81631.569",""
"Brazil","Electricity - total wind production","2021","Kilowatt-hours, million","72285.975",""
"Brazil","Electricity - total wind production","2020","Kilowatt-hours, million","57050",""
"Brazil","Electricity - total wind production","2019","Kilowatt-hours, million","55986",""
"British Virgin Islands","Electricity - total wind production","2023","Kilowatt-hours, million","2.1",""
"British Virgin Islands","Electricity - total wind production","2022","Kilowatt-hours, million","2.002",""
"British Virgin Islands","Electricity - total wind production","2021","Kilowatt-hours, million","2.002",""
"British Virgin Islands","Electricity - total wind production","2020","Kilowatt-hours, million","1.626",""
"British Virgin Islands","Electricity - total wind production","2019","Kilowatt-hours, million","1.25",""
"Bulgaria","Electricity - total wind production","2022","Kilowatt-hours, million","1499.125",""
"Bulgaria","Electricity - total wind production","2021","Kilowatt-hours, million","1433.561",""
"Bulgaria","Electricity - total wind production","2020","Kilowatt-hours, million","1477.131",""
"Bulgaria","Electricity - total wind production","2019","Kilowatt-hours, million","1316.988",""
"Cabo Verde","Electricity - total wind production","2023","Kilowatt-hours, million","76.7686",""
"Cabo Verde","Electricity - total wind production","2022","Kilowatt-hours, million","78.5",""
"Cabo Verde","Electricity - total wind production","2021","Kilowatt-hours, million","78",""
"Cabo Verde","Electricity - total wind production","2020","Kilowatt-hours, million","69",""
"Cabo Verde","Electricity - total wind production","2019","Kilowatt-hours, million","82",""
"Canada","Electricity - total wind production","2022","Kilowatt-hours, million","36853",""
"Canada","Electricity - total wind production","2021","Kilowatt-hours, million","36006",""
"Canada","Electricity - total wind production","2020","Kilowatt-hours, million","35761",""
"Canada","Electricity - total wind production","2019","Kilowatt-hours, million","32873",""
"Chad","Electricity - total wind production","2023","Kilowatt-hours, million","9","1"
"Chad","Electricity - total wind production","2022","Kilowatt-hours, million","9","1"
"Chad","Electricity - total wind production","2021","Kilowatt-hours, million","9",""
"Chad","Electricity - total wind production","2020","Kilowatt-hours, million","9",""
"Chad","Electricity - total wind production","2019","Kilowatt-hours, million","9",""
"Chile","Electricity - total wind production","2022","Kilowatt-hours, million","8893.309",""
"Chile","Electricity - total wind production","2021","Kilowatt-hours, million","7628.098",""
"Chile","Electricity - total wind production","2020","Kilowatt-hours, million","5602.3",""
"Chile","Electricity - total wind production","2019","Kilowatt-hours, million","4896.804",""
"China","Electricity - total wind production","2022","Kilowatt-hours, million","762672",""
"China","Electricity - total wind production","2021","Kilowatt-hours, million","656100",""
"China","Electricity - total wind production","2020","Kilowatt-hours, million","466470",""
"China","Electricity - total wind production","2019","Kilowatt-hours, million","406030",""
"Colombia","Electricity - total wind production","2022","Kilowatt-hours, million","74.298",""
"Colombia","Electricity - total wind production","2021","Kilowatt-hours, million","62.283",""
"Colombia","Electricity - total wind production","2020","Kilowatt-hours, million","10.117",""
"Colombia","Electricity - total wind production","2019","Kilowatt-hours, million","63.324",""
"Costa Rica","Electricity - total wind production","2022","Kilowatt-hours, million","1369.232",""
"Costa Rica","Electricity - total wind production","2021","Kilowatt-hours, million","1573.3",""
"Costa Rica","Electricity - total wind production","2020","Kilowatt-hours, million","1459.442",""
"Costa Rica","Electricity - total wind production","2019","Kilowatt-hours, million","1796.344",""
"Croatia","Electricity - total wind production","2022","Kilowatt-hours, million","2137.8",""
"Croatia","Electricity - total wind production","2021","Kilowatt-hours, million","2061.8",""
"Croatia","Electricity - total wind production","2020","Kilowatt-hours, million","1720.7",""
"Croatia","Electricity - total wind production","2019","Kilowatt-hours, million","1467.3",""
"Cuba","Electricity - total wind production","2022","Kilowatt-hours, million","28",""
"Cuba","Electricity - total wind production","2021","Kilowatt-hours, million","68.9","1"
"Cuba","Electricity - total wind production","2020","Kilowatt-hours, million","67.808","1"
"Cuba","Electricity - total wind production","2019","Kilowatt-hours, million","65","1"
"Curaçao","Electricity - total wind production","2022","Kilowatt-hours, million","189.252",""
"Curaçao","Electricity - total wind production","2021","Kilowatt-hours, million","196.955",""
"Curaçao","Electricity - total wind production","2020","Kilowatt-hours, million","191.386",""
"Curaçao","Electricity - total wind production","2019","Kilowatt-hours, million","208",""
"Cyprus","Electricity - total wind production","2022","Kilowatt-hours, million","224.266",""
"Cyprus","Electricity - total wind production","2021","Kilowatt-hours, million","246.478",""
"Cyprus","Electricity - total wind production","2020","Kilowatt-hours, million","240.408",""
"Cyprus","Electricity - total wind production","2019","Kilowatt-hours, million","238.565",""
"Czechia","Electricity - total wind production","2022","Kilowatt-hours, million","641.331",""
"Czechia","Electricity - total wind production","2021","Kilowatt-hours, million","601.534",""
"Czechia","Electricity - total wind production","2020","Kilowatt-hours, million","699.083",""
"Czechia","Electricity - total wind production","2019","Kilowatt-hours, million","700.014",""
"Denmark","Electricity - total wind production","2022","Kilowatt-hours, million","19027.824",""
"Denmark","Electricity - total wind production","2021","Kilowatt-hours, million","16054.467",""
"Denmark","Electricity - total wind production","2020","Kilowatt-hours, million","16330.215",""
"Denmark","Electricity - total wind production","2019","Kilowatt-hours, million","16149.833",""
"Djibouti","Electricity - total wind production","2023","Kilowatt-hours, million","259.296","1"
"Djibouti","Electricity - total wind production","2022","Kilowatt-hours, million","70","1"
"Djibouti","Electricity - total wind production","2021","Kilowatt-hours, million","69",""
"Dominica","Electricity - total wind production","2023","Kilowatt-hours, million","1.33","1"
"Dominica","Electricity - total wind production","2022","Kilowatt-hours, million","1.26","1"
"Dominica","Electricity - total wind production","2021","Kilowatt-hours, million","1.19",""
"Dominica","Electricity - total wind production","2020","Kilowatt-hours, million","0.595",""
"Dominica","Electricity - total wind production","2019","Kilowatt-hours, million","0.595",""
"Dominican Republic","Electricity - total wind production","2022","Kilowatt-hours, million","1173.61",""
"Dominican Republic","Electricity - total wind production","2021","Kilowatt-hours, million","1222.96",""
"Dominican Republic","Electricity - total wind production","2020","Kilowatt-hours, million","1064.97",""
"Dominican Republic","Electricity - total wind production","2019","Kilowatt-hours, million","792.79",""
"Ecuador","Electricity - total wind production","2023","Kilowatt-hours, million","208.58",""
"Ecuador","Electricity - total wind production","2022","Kilowatt-hours, million","60.6",""
"Ecuador","Electricity - total wind production","2021","Kilowatt-hours, million","62.011",""
"Ecuador","Electricity - total wind production","2020","Kilowatt-hours, million","77.1",""
"Ecuador","Electricity - total wind production","2019","Kilowatt-hours, million","85.53",""
"Egypt","Electricity - total wind production","2022","Kilowatt-hours, million","5784",""
"Egypt","Electricity - total wind production","2021","Kilowatt-hours, million","5257",""
"Egypt","Electricity - total wind production","2020","Kilowatt-hours, million","4233",""
"Egypt","Electricity - total wind production","2019","Kilowatt-hours, million","3688.667",""
"El Salvador","Electricity - total wind production","2023","Kilowatt-hours, million","166.809",""
"El Salvador","Electricity - total wind production","2022","Kilowatt-hours, million","134.896",""
"El Salvador","Electricity - total wind production","2021","Kilowatt-hours, million","131.78489",""
"El Salvador","Electricity - total wind production","2020","Kilowatt-hours, million","14.08309",""
"Eritrea","Electricity - total wind production","2022","Kilowatt-hours, million","2",""
"Eritrea","Electricity - total wind production","2021","Kilowatt-hours, million","2",""
"Eritrea","Electricity - total wind production","2020","Kilowatt-hours, million","2",""
"Eritrea","Electricity - total wind production","2019","Kilowatt-hours, million","2",""
"Estonia","Electricity - total wind production","2022","Kilowatt-hours, million","668",""
"Estonia","Electricity - total wind production","2021","Kilowatt-hours, million","733",""
"Estonia","Electricity - total wind production","2020","Kilowatt-hours, million","844",""
"Estonia","Electricity - total wind production","2019","Kilowatt-hours, million","687",""
"Ethiopia","Electricity - total wind production","2022","Kilowatt-hours, million","529.225",""
"Ethiopia","Electricity - total wind production","2021","Kilowatt-hours, million","560.56",""
"Ethiopia","Electricity - total wind production","2020","Kilowatt-hours, million","817.909",""
"Ethiopia","Electricity - total wind production","2019","Kilowatt-hours, million","609.03",""
"Faeroe Islands","Electricity - total wind production","2023","Kilowatt-hours, million","125.6",""
"Faeroe Islands","Electricity - total wind production","2022","Kilowatt-hours, million","90.208",""
"Faeroe Islands","Electricity - total wind production","2021","Kilowatt-hours, million","54.1",""
"Faeroe Islands","Electricity - total wind production","2020","Kilowatt-hours, million","47.1",""
"Faeroe Islands","Electricity - total wind production","2019","Kilowatt-hours, million","52.6",""
"Falkland Is. (Malvinas)","Electricity - total wind production","2023","Kilowatt-hours, million","4.786",""
"Falkland Is. (Malvinas)","Electricity - total wind production","2022","Kilowatt-hours, million","4.725",""
"Falkland Is. (Malvinas)","Electricity - total wind production","2021","Kilowatt-hours, million","4.4446",""
"Falkland Is. (Malvinas)","Electricity - total wind production","2020","Kilowatt-hours, million","4.2525",""
"Falkland Is. (Malvinas)","Electricity - total wind production","2019","Kilowatt-hours, million","5.1487",""
"Fiji","Electricity - total wind production","2023","Kilowatt-hours, million","0.1","1"
"Fiji","Electricity - total wind production","2022","Kilowatt-hours, million","0.093",""
"Fiji","Electricity - total wind production","2021","Kilowatt-hours, million","0.293",""
"Fiji","Electricity - total wind production","2020","Kilowatt-hours, million","1.136",""
"Fiji","Electricity - total wind production","2019","Kilowatt-hours, million","3.419",""
"Finland","Electricity - total wind production","2022","Kilowatt-hours, million","12022",""
"Finland","Electricity - total wind production","2021","Kilowatt-hours, million","8507",""
"Finland","Electricity - total wind production","2020","Kilowatt-hours, million","8256",""
"Finland","Electricity - total wind production","2019","Kilowatt-hours, million","6025",""
"France","Electricity - total wind production","2022","Kilowatt-hours, million","38004.227",""
"France","Electricity - total wind production","2021","Kilowatt-hours, million","37119.413",""
"France","Electricity - total wind production","2020","Kilowatt-hours, million","40045.404",""
"France","Electricity - total wind production","2019","Kilowatt-hours, million","34721.683",""
"French Polynesia","Electricity - total wind production","2023","Kilowatt-hours, million","0.1","1"
"French Polynesia","Electricity - total wind production","2022","Kilowatt-hours, million","0.08","1"
"French Polynesia","Electricity - total wind production","2021","Kilowatt-hours, million","0.08",""
"French Polynesia","Electricity - total wind production","2020","Kilowatt-hours, million","0.08",""
"French Polynesia","Electricity - total wind production","2019","Kilowatt-hours, million","0.08",""
"Gambia","Electricity - total wind production","2023","Kilowatt-hours, million","2.128","1"
"Gambia","Electricity - total wind production","2022","Kilowatt-hours, million","2.13","1"
"Gambia","Electricity - total wind production","2021","Kilowatt-hours, million","2.13",""
"Gambia","Electricity - total wind production","2020","Kilowatt-hours, million","2.13",""
"Gambia","Electricity - total wind production","2019","Kilowatt-hours, million","2.13",""
"Georgia","Electricity - total wind production","2022","Kilowatt-hours, million","87.5",""
"Georgia","Electricity - total wind production","2021","Kilowatt-hours, million","83.4",""
"Georgia","Electricity - total wind production","2020","Kilowatt-hours, million","90.8",""
"Georgia","Electricity - total wind production","2019","Kilowatt-hours, million","84.694",""
"Germany","Electricity - total wind production","2022","Kilowatt-hours, million","124816",""
"Germany","Electricity - total wind production","2021","Kilowatt-hours, million","114169",""
"Germany","Electricity - total wind production","2020","Kilowatt-hours, million","132102",""
"Germany","Electricity - total wind production","2019","Kilowatt-hours, million","125894",""
"Greece","Electricity - total wind production","2022","Kilowatt-hours, million","10883.25",""
"Greece","Electricity - total wind production","2021","Kilowatt-hours, million","10482.981",""
"Greece","Electricity - total wind production","2020","Kilowatt-hours, million","9310.104",""
"Greece","Electricity - total wind production","2019","Kilowatt-hours, million","7266.347",""
"Grenada","Electricity - total wind production","2023","Kilowatt-hours, million","0.224","1"
"Grenada","Electricity - total wind production","2022","Kilowatt-hours, million","0.224","1"
"Grenada","Electricity - total wind production","2021","Kilowatt-hours, million","0.224","1"
"Grenada","Electricity - total wind production","2020","Kilowatt-hours, million","0.224",""
"Grenada","Electricity - total wind production","2019","Kilowatt-hours, million","0.224",""
"Guam","Electricity - total wind production","2023","Kilowatt-hours, million","0.5","1"
"Guam","Electricity - total wind production","2022","Kilowatt-hours, million","0.5","1"
"Guam","Electricity - total wind production","2021","Kilowatt-hours, million","0.5","1"
"Guam","Electricity - total wind production","2020","Kilowatt-hours, million","0.5",""
"Guam","Electricity - total wind production","2019","Kilowatt-hours, million","0.5",""
"Guatemala","Electricity - total wind production","2023","Kilowatt-hours, million","344",""
"Guatemala","Electricity - total wind production","2022","Kilowatt-hours, million","315.35",""
"Guatemala","Electricity - total wind production","2021","Kilowatt-hours, million","325.29",""
"Guatemala","Electricity - total wind production","2020","Kilowatt-hours, million","317",""
"Guatemala","Electricity - total wind production","2019","Kilowatt-hours, million","220.8",""
"Guyana","Electricity - total wind production","2023","Kilowatt-hours, million","0.35","1"
"Guyana","Electricity - total wind production","2022","Kilowatt-hours, million","0.35",""
"Guyana","Electricity - total wind production","2021","Kilowatt-hours, million","0.35",""
"Guyana","Electricity - total wind production","2020","Kilowatt-hours, million","0.35",""
"Guyana","Electricity - total wind production","2019","Kilowatt-hours, million","0.35",""
"Honduras","Electricity - total wind production","2023","Kilowatt-hours, million","770.137202",""
"Honduras","Electricity - total wind production","2022","Kilowatt-hours, million","685.7971",""
"Honduras","Electricity - total wind production","2021","Kilowatt-hours, million","774.662",""
"Honduras","Electricity - total wind production","2020","Kilowatt-hours, million","707.399",""
"Honduras","Electricity - total wind production","2019","Kilowatt-hours, million","818.29",""
"Hungary","Electricity - total wind production","2022","Kilowatt-hours, million","610",""
"Hungary","Electricity - total wind production","2021","Kilowatt-hours, million","664",""
"Hungary","Electricity - total wind production","2020","Kilowatt-hours, million","655",""
"Hungary","Electricity - total wind production","2019","Kilowatt-hours, million","729",""
"Iceland","Electricity - total wind production","2022","Kilowatt-hours, million","5.733",""
"Iceland","Electricity - total wind production","2021","Kilowatt-hours, million","6.087",""
"Iceland","Electricity - total wind production","2020","Kilowatt-hours, million","6.66",""
"Iceland","Electricity - total wind production","2019","Kilowatt-hours, million","6.569",""
"India","Electricity - total wind production","2022","Kilowatt-hours, million","80714","1"
"India","Electricity - total wind production","2021","Kilowatt-hours, million","77140",""
"India","Electricity - total wind production","2020","Kilowatt-hours, million","67418","1"
"India","Electricity - total wind production","2019","Kilowatt-hours, million","69949","1"
"Iran (Islamic Rep. of)","Electricity - total wind production","2022","Kilowatt-hours, million","812.602",""
"Iran (Islamic Rep. of)","Electricity - total wind production","2021","Kilowatt-hours, million","737.044",""
"Iran (Islamic Rep. of)","Electricity - total wind production","2020","Kilowatt-hours, million","754.249",""
"Iran (Islamic Rep. of)","Electricity - total wind production","2019","Kilowatt-hours, million","615.602",""
"Ireland","Electricity - total wind production","2022","Kilowatt-hours, million","11208.432",""
"Ireland","Electricity - total wind production","2021","Kilowatt-hours, million","9778.381",""
"Ireland","Electricity - total wind production","2020","Kilowatt-hours, million","11549.42",""
"Ireland","Electricity - total wind production","2019","Kilowatt-hours, million","10019.485",""
"Israel","Electricity - total wind production","2022","Kilowatt-hours, million","316.583",""
"Israel","Electricity - total wind production","2021","Kilowatt-hours, million","178.382",""
"Israel","Electricity - total wind production","2020","Kilowatt-hours, million","203.594",""
"Israel","Electricity - total wind production","2019","Kilowatt-hours, million","190.395",""
"Italy","Electricity - total wind production","2022","Kilowatt-hours, million","20494.178",""
"Italy","Electricity - total wind production","2021","Kilowatt-hours, million","20931.374",""
"Italy","Electricity - total wind production","2020","Kilowatt-hours, million","18761.557",""
"Italy","Electricity - total wind production","2019","Kilowatt-hours, million","20202.041",""
"Jamaica","Electricity - total wind production","2023","Kilowatt-hours, million","234.46",""
"Jamaica","Electricity - total wind production","2022","Kilowatt-hours, million","265.4",""
"Jamaica","Electricity - total wind production","2021","Kilowatt-hours, million","264",""
"Jamaica","Electricity - total wind production","2020","Kilowatt-hours, million","280",""
"Jamaica","Electricity - total wind production","2019","Kilowatt-hours, million","272",""
"Japan","Electricity - total wind production","2022","Kilowatt-hours, million","9297.423",""
"Japan","Electricity - total wind production","2021","Kilowatt-hours, million","9412.398",""
"Japan","Electricity - total wind production","2020","Kilowatt-hours, million","8969.849",""
"Japan","Electricity - total wind production","2019","Kilowatt-hours, million","7617.402",""
"Jordan","Electricity - total wind production","2022","Kilowatt-hours, million","1748.2",""
"Jordan","Electricity - total wind production","2021","Kilowatt-hours, million","1595.5",""
"Jordan","Electricity - total wind production","2020","Kilowatt-hours, million","1406.9",""
"Jordan","Electricity - total wind production","2019","Kilowatt-hours, million","874.9",""
"Kazakhstan","Electricity - total wind production","2023","Kilowatt-hours, million","3786.4",""
"Kazakhstan","Electricity - total wind production","2022","Kilowatt-hours, million","2372.1",""
"Kazakhstan","Electricity - total wind production","2021","Kilowatt-hours, million","1747.474",""
"Kazakhstan","Electricity - total wind production","2020","Kilowatt-hours, million","1028.661",""
"Kazakhstan","Electricity - total wind production","2019","Kilowatt-hours, million","707.135",""
"Kenya","Electricity - total wind production","2022","Kilowatt-hours, million","2143",""
"Kenya","Electricity - total wind production","2021","Kilowatt-hours, million","1984.8",""
"Kenya","Electricity - total wind production","2020","Kilowatt-hours, million","1331.4",""
"Kenya","Electricity - total wind production","2019","Kilowatt-hours, million","1562.7",""
"Korea, Republic of","Electricity - total wind production","2022","Kilowatt-hours, million","3372.219",""
"Korea, Republic of","Electricity - total wind production","2021","Kilowatt-hours, million","3182.449",""
"Korea, Republic of","Electricity - total wind production","2020","Kilowatt-hours, million","3151.442",""
"Korea, Republic of","Electricity - total wind production","2019","Kilowatt-hours, million","2680.924",""
"Kosovo","Electricity - total wind production","2022","Kilowatt-hours, million","362.944",""
"Kosovo","Electricity - total wind production","2021","Kilowatt-hours, million","126.316",""
"Kosovo","Electricity - total wind production","2020","Kilowatt-hours, million","90.3",""
"Kosovo","Electricity - total wind production","2019","Kilowatt-hours, million","90.649",""
"Kuwait","Electricity - total wind production","2022","Kilowatt-hours, million","33.52",""
"Kuwait","Electricity - total wind production","2021","Kilowatt-hours, million","29.117",""
"Kuwait","Electricity - total wind production","2020","Kilowatt-hours, million","33.05",""
"Kuwait","Electricity - total wind production","2019","Kilowatt-hours, million","35.886",""
"Latvia","Electricity - total wind production","2022","Kilowatt-hours, million","190.183",""
"Latvia","Electricity - total wind production","2021","Kilowatt-hours, million","141.436",""
"Latvia","Electricity - total wind production","2020","Kilowatt-hours, million","176.842",""
"Latvia","Electricity - total wind production","2019","Kilowatt-hours, million","153.999",""
"Lithuania","Electricity - total wind production","2022","Kilowatt-hours, million","1512.4",""
"Lithuania","Electricity - total wind production","2021","Kilowatt-hours, million","1361.7",""
"Lithuania","Electricity - total wind production","2020","Kilowatt-hours, million","1551.7",""
"Lithuania","Electricity - total wind production","2019","Kilowatt-hours, million","1499.4",""
"Luxembourg","Electricity - total wind production","2022","Kilowatt-hours, million","312.221",""
"Luxembourg","Electricity - total wind production","2021","Kilowatt-hours, million","314.313",""
"Luxembourg","Electricity - total wind production","2020","Kilowatt-hours, million","351.135",""
"Luxembourg","Electricity - total wind production","2019","Kilowatt-hours, million","281.283",""
"Madagascar","Electricity - total wind production","2023","Kilowatt-hours, million","0.5","1"
"Madagascar","Electricity - total wind production","2022","Kilowatt-hours, million","0.5","1"
"Madagascar","Electricity - total wind production","2021","Kilowatt-hours, million","0.465","1"
"Madagascar","Electricity - total wind production","2020","Kilowatt-hours, million","0.465","1"
"Madagascar","Electricity - total wind production","2019","Kilowatt-hours, million","0.465","1"
"Maldives","Electricity - total wind production","2023","Kilowatt-hours, million","2.5",""
"Maldives","Electricity - total wind production","2022","Kilowatt-hours, million","2.5",""
"Maldives","Electricity - total wind production","2021","Kilowatt-hours, million","2.5",""
"Maldives","Electricity - total wind production","2020","Kilowatt-hours, million","2.465",""
"Maldives","Electricity - total wind production","2019","Kilowatt-hours, million","2.465",""
"Malta","Electricity - total wind production","2022","Kilowatt-hours, million","0.058",""
"Malta","Electricity - total wind production","2021","Kilowatt-hours, million","0.058",""
"Malta","Electricity - total wind production","2020","Kilowatt-hours, million","0.058",""
"Malta","Electricity - total wind production","2019","Kilowatt-hours, million","0.058",""
"Mauritania","Electricity - total wind production","2023","Kilowatt-hours, million","119","1"
"Mauritania","Electricity - total wind production","2022","Kilowatt-hours, million","113.893",""
"Mauritania","Electricity - total wind production","2021","Kilowatt-hours, million","138.953","1"
"Mauritania","Electricity - total wind production","2020","Kilowatt-hours, million","137.894",""
"Mauritania","Electricity - total wind production","2019","Kilowatt-hours, million","111.624","1"
"Mauritius","Electricity - total wind production","2022","Kilowatt-hours, million","15.5",""
"Mauritius","Electricity - total wind production","2021","Kilowatt-hours, million","15.28",""
"Mauritius","Electricity - total wind production","2020","Kilowatt-hours, million","18.2",""
"Mauritius","Electricity - total wind production","2019","Kilowatt-hours, million","15.4",""
"Mexico","Electricity - total wind production","2022","Kilowatt-hours, million","20629",""
"Mexico","Electricity - total wind production","2021","Kilowatt-hours, million","20896",""
"Mexico","Electricity - total wind production","2020","Kilowatt-hours, million","19702",""
"Mexico","Electricity - total wind production","2019","Kilowatt-hours, million","16880",""
"Micronesia (Fed. States of)","Electricity - total wind production","2023","Kilowatt-hours, million","1.1","1"
"Micronesia (Fed. States of)","Electricity - total wind production","2022","Kilowatt-hours, million","1.1","1"
"Micronesia (Fed. States of)","Electricity - total wind production","2021","Kilowatt-hours, million","0.1","1"
"Micronesia (Fed. States of)","Electricity - total wind production","2020","Kilowatt-hours, million","0.265","1"
"Micronesia (Fed. States of)","Electricity - total wind production","2019","Kilowatt-hours, million","1.1","1"
"Mongolia","Electricity - total wind production","2023","Kilowatt-hours, million","532.64",""
"Mongolia","Electricity - total wind production","2022","Kilowatt-hours, million","502.504",""
"Mongolia","Electricity - total wind production","2021","Kilowatt-hours, million","567.639",""
"Mongolia","Electricity - total wind production","2020","Kilowatt-hours, million","340",""
"Mongolia","Electricity - total wind production","2019","Kilowatt-hours, million","340","1"
"Montenegro","Electricity - total wind production","2023","Kilowatt-hours, million","311.9",""
"Montenegro","Electricity - total wind production","2022","Kilowatt-hours, million","324.7",""
"Montenegro","Electricity - total wind production","2021","Kilowatt-hours, million","324.7",""
"Montenegro","Electricity - total wind production","2020","Kilowatt-hours, million","320.1",""
"Montenegro","Electricity - total wind production","2019","Kilowatt-hours, million","293.4",""
"Morocco","Electricity - total wind production","2022","Kilowatt-hours, million","5355.878",""
"Morocco","Electricity - total wind production","2021","Kilowatt-hours, million","5106.67",""
"Morocco","Electricity - total wind production","2020","Kilowatt-hours, million","4591.891",""
"Morocco","Electricity - total wind production","2019","Kilowatt-hours, million","4723.385",""
"Namibia","Electricity - total wind production","2023","Kilowatt-hours, million","23.2",""
"Namibia","Electricity - total wind production","2022","Kilowatt-hours, million","23",""
"Namibia","Electricity - total wind production","2021","Kilowatt-hours, million","21.625",""
"Namibia","Electricity - total wind production","2020","Kilowatt-hours, million","21.625",""
"Namibia","Electricity - total wind production","2019","Kilowatt-hours, million","21.625",""
"Nepal","Electricity - total wind production","2023","Kilowatt-hours, million","0",""
"Nepal","Electricity - total wind production","2022","Kilowatt-hours, million","0",""
"Nepal","Electricity - total wind production","2021","Kilowatt-hours, million","0.528",""
"Nepal","Electricity - total wind production","2020","Kilowatt-hours, million","0.528",""
"Nepal","Electricity - total wind production","2019","Kilowatt-hours, million","0.389",""
"Netherlands (Kingd. of the)","Electricity - total wind production","2022","Kilowatt-hours, million","21400.798",""
"Netherlands (Kingd. of the)","Electricity - total wind production","2021","Kilowatt-hours, million","18046.019",""
"Netherlands (Kingd. of the)","Electricity - total wind production","2020","Kilowatt-hours, million","15277.726",""
"Netherlands (Kingd. of the)","Electricity - total wind production","2019","Kilowatt-hours, million","11507.927",""
"New Caledonia","Electricity - total wind production","2023","Kilowatt-hours, million","80.219",""
"New Caledonia","Electricity - total wind production","2022","Kilowatt-hours, million","49.426",""
"New Caledonia","Electricity - total wind production","2021","Kilowatt-hours, million","41.042",""
"New Caledonia","Electricity - total wind production","2020","Kilowatt-hours, million","48.565",""
"New Caledonia","Electricity - total wind production","2019","Kilowatt-hours, million","56.576",""
"New Zealand","Electricity - total wind production","2022","Kilowatt-hours, million","2865.226",""
"New Zealand","Electricity - total wind production","2021","Kilowatt-hours, million","2642.454",""
"New Zealand","Electricity - total wind production","2020","Kilowatt-hours, million","2304.566",""
"New Zealand","Electricity - total wind production","2019","Kilowatt-hours, million","2255.442",""
"Nicaragua","Electricity - total wind production","2022","Kilowatt-hours, million","561.872",""
"Nicaragua","Electricity - total wind production","2021","Kilowatt-hours, million","655.838",""
"Nicaragua","Electricity - total wind production","2020","Kilowatt-hours, million","549.933",""
"Nicaragua","Electricity - total wind production","2019","Kilowatt-hours, million","730.165",""
"Nigeria","Electricity - total wind production","2020","Kilowatt-hours, million","3","1"
"Nigeria","Electricity - total wind production","2019","Kilowatt-hours, million","3",""
"North Macedonia","Electricity - total wind production","2023","Kilowatt-hours, million","157.647",""
"North Macedonia","Electricity - total wind production","2022","Kilowatt-hours, million","107.656",""
"North Macedonia","Electricity - total wind production","2021","Kilowatt-hours, million","103.336",""
"North Macedonia","Electricity - total wind production","2020","Kilowatt-hours, million","116.884",""
"North Macedonia","Electricity - total wind production","2019","Kilowatt-hours, million","101.807",""
"Norway","Electricity - total wind production","2022","Kilowatt-hours, million","14809.858",""
"Norway","Electricity - total wind production","2021","Kilowatt-hours, million","11770.146",""
"Norway","Electricity - total wind production","2020","Kilowatt-hours, million","9912.532",""
"Norway","Electricity - total wind production","2019","Kilowatt-hours, million","5524.508",""
"Other Asia","Electricity - total wind production","2022","Kilowatt-hours, million","3543.061",""
"Other Asia","Electricity - total wind production","2021","Kilowatt-hours, million","2208.638",""
"Other Asia","Electricity - total wind production","2020","Kilowatt-hours, million","2308.872",""
"Other Asia","Electricity - total wind production","2019","Kilowatt-hours, million","1892.232",""
"Pakistan","Electricity - total wind production","2022","Kilowatt-hours, million","4086",""
"Pakistan","Electricity - total wind production","2021","Kilowatt-hours, million","4800",""
"Pakistan","Electricity - total wind production","2020","Kilowatt-hours, million","2900",""
"Pakistan","Electricity - total wind production","2019","Kilowatt-hours, million","2914",""
"Panama","Electricity - total wind production","2023","Kilowatt-hours, million","891.6",""
"Panama","Electricity - total wind production","2022","Kilowatt-hours, million","579.3",""
"Panama","Electricity - total wind production","2021","Kilowatt-hours, million","529.6",""
"Panama","Electricity - total wind production","2020","Kilowatt-hours, million","584.2",""
"Panama","Electricity - total wind production","2019","Kilowatt-hours, million","724.6",""
"Peru","Electricity - total wind production","2022","Kilowatt-hours, million","1931.87",""
"Peru","Electricity - total wind production","2021","Kilowatt-hours, million","1821.349",""
"Peru","Electricity - total wind production","2020","Kilowatt-hours, million","1814.102",""
"Peru","Electricity - total wind production","2019","Kilowatt-hours, million","1655.039",""
"Philippines","Electricity - total wind production","2022","Kilowatt-hours, million","1030",""
"Philippines","Electricity - total wind production","2021","Kilowatt-hours, million","1269.7",""
"Philippines","Electricity - total wind production","2020","Kilowatt-hours, million","1026.4",""
"Philippines","Electricity - total wind production","2019","Kilowatt-hours, million","1041.7",""
"Poland","Electricity - total wind production","2022","Kilowatt-hours, million","19779.538",""
"Poland","Electricity - total wind production","2021","Kilowatt-hours, million","16233.547",""
"Poland","Electricity - total wind production","2020","Kilowatt-hours, million","15800.049",""
"Poland","Electricity - total wind production","2019","Kilowatt-hours, million","15106.759",""
"Portugal","Electricity - total wind production","2022","Kilowatt-hours, million","13244.007",""
"Portugal","Electricity - total wind production","2021","Kilowatt-hours, million","13215.614",""
"Portugal","Electricity - total wind production","2020","Kilowatt-hours, million","12298.663",""
"Portugal","Electricity - total wind production","2019","Kilowatt-hours, million","13666.949",""
"Puerto Rico","Electricity - total wind production","2023","Kilowatt-hours, million","160","1"
"Puerto Rico","Electricity - total wind production","2022","Kilowatt-hours, million","155.704",""
"Puerto Rico","Electricity - total wind production","2021","Kilowatt-hours, million","165.69",""
"Puerto Rico","Electricity - total wind production","2020","Kilowatt-hours, million","142.7",""
"Puerto Rico","Electricity - total wind production","2019","Kilowatt-hours, million","159",""
"Republic of Moldova","Electricity - total wind production","2023","Kilowatt-hours, million","192.4",""
"Republic of Moldova","Electricity - total wind production","2022","Kilowatt-hours, million","140",""
"Republic of Moldova","Electricity - total wind production","2021","Kilowatt-hours, million","77",""
"Republic of Moldova","Electricity - total wind production","2020","Kilowatt-hours, million","51",""
"Republic of Moldova","Electricity - total wind production","2019","Kilowatt-hours, million","43",""
"Romania","Electricity - total wind production","2022","Kilowatt-hours, million","6996.872",""
"Romania","Electricity - total wind production","2021","Kilowatt-hours, million","6575.55",""
"Romania","Electricity - total wind production","2020","Kilowatt-hours, million","6945.462",""
"Romania","Electricity - total wind production","2019","Kilowatt-hours, million","6772.809",""
"Russian Federation","Electricity - total wind production","2022","Kilowatt-hours, million","5547",""
"Russian Federation","Electricity - total wind production","2021","Kilowatt-hours, million","3311.3",""
"Russian Federation","Electricity - total wind production","2020","Kilowatt-hours, million","1240.9",""
"Russian Federation","Electricity - total wind production","2019","Kilowatt-hours, million","330.793",""
"Samoa","Electricity - total wind production","2023","Kilowatt-hours, million","0.189",""
"Samoa","Electricity - total wind production","2022","Kilowatt-hours, million","0.177",""
"Samoa","Electricity - total wind production","2021","Kilowatt-hours, million","0.106",""
"Samoa","Electricity - total wind production","2020","Kilowatt-hours, million","0.218",""
"Samoa","Electricity - total wind production","2019","Kilowatt-hours, million","0.216",""
"Saudi Arabia","Electricity - total wind production","2022","Kilowatt-hours, million","1588",""
"Saudi Arabia","Electricity - total wind production","2021","Kilowatt-hours, million","409",""
"Saudi Arabia","Electricity - total wind production","2020","Kilowatt-hours, million","6","1"
"Saudi Arabia","Electricity - total wind production","2019","Kilowatt-hours, million","5.69",""
"Senegal","Electricity - total wind production","2022","Kilowatt-hours, million","395.556",""
"Senegal","Electricity - total wind production","2021","Kilowatt-hours, million","399.857",""
"Senegal","Electricity - total wind production","2020","Kilowatt-hours, million","217.389",""
"Senegal","Electricity - total wind production","2019","Kilowatt-hours, million","23.132",""
"Serbia","Electricity - total wind production","2022","Kilowatt-hours, million","949.339",""
"Serbia","Electricity - total wind production","2021","Kilowatt-hours, million","1084.541",""
"Serbia","Electricity - total wind production","2020","Kilowatt-hours, million","975.63",""
"Serbia","Electricity - total wind production","2019","Kilowatt-hours, million","898.212",""
"Seychelles","Electricity - total wind production","2023","Kilowatt-hours, million","6.2",""
"Seychelles","Electricity - total wind production","2022","Kilowatt-hours, million","6.58",""
"Seychelles","Electricity - total wind production","2021","Kilowatt-hours, million","5.1",""
"Seychelles","Electricity - total wind production","2020","Kilowatt-hours, million","6",""
"Seychelles","Electricity - total wind production","2019","Kilowatt-hours, million","4.9",""
"Slovakia","Electricity - total wind production","2022","Kilowatt-hours, million","4",""
"Slovakia","Electricity - total wind production","2021","Kilowatt-hours, million","5",""
"Slovakia","Electricity - total wind production","2020","Kilowatt-hours, million","4",""
"Slovakia","Electricity - total wind production","2019","Kilowatt-hours, million","6",""
"Slovenia","Electricity - total wind production","2022","Kilowatt-hours, million","5.731",""
"Slovenia","Electricity - total wind production","2021","Kilowatt-hours, million","5.593",""
"Slovenia","Electricity - total wind production","2020","Kilowatt-hours, million","6.251",""
"Slovenia","Electricity - total wind production","2019","Kilowatt-hours, million","6.15",""
"Somalia","Electricity - total wind production","2023","Kilowatt-hours, million","6.22","1"
"Somalia","Electricity - total wind production","2022","Kilowatt-hours, million","6.22","1"
"Somalia","Electricity - total wind production","2021","Kilowatt-hours, million","6.22",""
"Somalia","Electricity - total wind production","2020","Kilowatt-hours, million","6.22",""
"Somalia","Electricity - total wind production","2019","Kilowatt-hours, million","6.22",""
"South Africa","Electricity - total wind production","2022","Kilowatt-hours, million","9689",""
"South Africa","Electricity - total wind production","2021","Kilowatt-hours, million","8356",""
"South Africa","Electricity - total wind production","2020","Kilowatt-hours, million","6611",""
"South Africa","Electricity - total wind production","2019","Kilowatt-hours, million","6624",""
"Spain","Electricity - total wind production","2022","Kilowatt-hours, million","62784",""
"Spain","Electricity - total wind production","2021","Kilowatt-hours, million","62061",""
"Spain","Electricity - total wind production","2020","Kilowatt-hours, million","56444",""
"Spain","Electricity - total wind production","2019","Kilowatt-hours, million","55647",""
"Sri Lanka","Electricity - total wind production","2022","Kilowatt-hours, million","741.815",""
"Sri Lanka","Electricity - total wind production","2021","Kilowatt-hours, million","657.3",""
"Sri Lanka","Electricity - total wind production","2020","Kilowatt-hours, million","344.457",""
"Sri Lanka","Electricity - total wind production","2019","Kilowatt-hours, million","350.2",""
"St. Helena and Depend.","Electricity - total wind production","2023","Kilowatt-hours, million","0.616",""
"St. Helena and Depend.","Electricity - total wind production","2022","Kilowatt-hours, million","0.986",""
"St. Helena and Depend.","Electricity - total wind production","2021","Kilowatt-hours, million","1.366",""
"St. Helena and Depend.","Electricity - total wind production","2020","Kilowatt-hours, million","1.831",""
"St. Helena and Depend.","Electricity - total wind production","2019","Kilowatt-hours, million","1.887",""
"St. Kitts-Nevis","Electricity - total wind production","2023","Kilowatt-hours, million","5.58","1"
"St. Kitts-Nevis","Electricity - total wind production","2022","Kilowatt-hours, million","5.58","1"
"St. Kitts-Nevis","Electricity - total wind production","2021","Kilowatt-hours, million","5.58",""
"St. Kitts-Nevis","Electricity - total wind production","2020","Kilowatt-hours, million","5.58",""
"St. Kitts-Nevis","Electricity - total wind production","2019","Kilowatt-hours, million","5.58",""
"Sweden","Electricity - total wind production","2022","Kilowatt-hours, million","33253",""
"Sweden","Electricity - total wind production","2021","Kilowatt-hours, million","27244",""
"Sweden","Electricity - total wind production","2020","Kilowatt-hours, million","27526",""
"Sweden","Electricity - total wind production","2019","Kilowatt-hours, million","19847",""
"Switzerland","Electricity - total wind production","2022","Kilowatt-hours, million","149.694",""
"Switzerland","Electricity - total wind production","2021","Kilowatt-hours, million","144.94",""
"Switzerland","Electricity - total wind production","2020","Kilowatt-hours, million","145.45",""
"Switzerland","Electricity - total wind production","2019","Kilowatt-hours, million","145.92",""
"Syrian Arab Republic","Electricity - total wind production","2022","Kilowatt-hours, million","0.6",""
"Syrian Arab Republic","Electricity - total wind production","2021","Kilowatt-hours, million","0.6",""
"Syrian Arab Republic","Electricity - total wind production","2020","Kilowatt-hours, million","0.6",""
"Syrian Arab Republic","Electricity - total wind production","2019","Kilowatt-hours, million","0.6",""
"Thailand","Electricity - total wind production","2023","Kilowatt-hours, million","3741",""
"Thailand","Electricity - total wind production","2022","Kilowatt-hours, million","2988",""
"Thailand","Electricity - total wind production","2021","Kilowatt-hours, million","3462.43",""
"Thailand","Electricity - total wind production","2020","Kilowatt-hours, million","3124",""
"Thailand","Electricity - total wind production","2019","Kilowatt-hours, million","3670.3",""
"Tonga","Electricity - total wind production","2023","Kilowatt-hours, million","1.8","1"
"Tonga","Electricity - total wind production","2022","Kilowatt-hours, million","1.7",""
"Tonga","Electricity - total wind production","2021","Kilowatt-hours, million","2.331",""
"Tonga","Electricity - total wind production","2020","Kilowatt-hours, million","2.62",""
"Tonga","Electricity - total wind production","2019","Kilowatt-hours, million","0.227",""
"Trinidad and Tobago","Electricity - total wind production","2022","Kilowatt-hours, million","0.06","1"
"Trinidad and Tobago","Electricity - total wind production","2021","Kilowatt-hours, million","0.059",""
"Trinidad and Tobago","Electricity - total wind production","2020","Kilowatt-hours, million","0.059",""
"Trinidad and Tobago","Electricity - total wind production","2019","Kilowatt-hours, million","0.059",""
"Tunisia","Electricity - total wind production","2022","Kilowatt-hours, million","321.97",""
"Tunisia","Electricity - total wind production","2021","Kilowatt-hours, million","425.07",""
"Tunisia","Electricity - total wind production","2020","Kilowatt-hours, million","465.22",""
"Tunisia","Electricity - total wind production","2019","Kilowatt-hours, million","500",""
"Türkiye","Electricity - total wind production","2022","Kilowatt-hours, million","34945.448",""
"Türkiye","Electricity - total wind production","2021","Kilowatt-hours, million","31436.75",""
"Türkiye","Electricity - total wind production","2020","Kilowatt-hours, million","24828.222",""
"Türkiye","Electricity - total wind production","2019","Kilowatt-hours, million","21730.713",""
"Ukraine","Electricity - total wind production","2022","Kilowatt-hours, million","1812.864",""
"Ukraine","Electricity - total wind production","2021","Kilowatt-hours, million","2832.6",""
"Ukraine","Electricity - total wind production","2020","Kilowatt-hours, million","3270.6",""
"Ukraine","Electricity - total wind production","2019","Kilowatt-hours, million","2020.2",""
"United Kingdom","Electricity - total wind production","2022","Kilowatt-hours, million","80257.264",""
"United Kingdom","Electricity - total wind production","2021","Kilowatt-hours, million","64663.14",""
"United Kingdom","Electricity - total wind production","2020","Kilowatt-hours, million","75379.867",""
"United Kingdom","Electricity - total wind production","2019","Kilowatt-hours, million","63834.897",""
"United States","Electricity - total wind production","2022","Kilowatt-hours, million","439270.222",""
"United States","Electricity - total wind production","2021","Kilowatt-hours, million","382813.997",""
"United States","Electricity - total wind production","2020","Kilowatt-hours, million","341818.283",""
"United States","Electricity - total wind production","2019","Kilowatt-hours, million","298200.12",""
"United States Virgin Is.","Electricity - total wind production","2023","Kilowatt-hours, million","0",""
"United States Virgin Is.","Electricity - total wind production","2022","Kilowatt-hours, million","0",""
"United States Virgin Is.","Electricity - total wind production","2021","Kilowatt-hours, million","0",""
"United States Virgin Is.","Electricity - total wind production","2020","Kilowatt-hours, million","0",""
"United States Virgin Is.","Electricity - total wind production","2019","Kilowatt-hours, million","0.272",""
"Uruguay","Electricity - total wind production","2023","Kilowatt-hours, million","4764.8",""
"Uruguay","Electricity - total wind production","2022","Kilowatt-hours, million","4783.1",""
"Uruguay","Electricity - total wind production","2021","Kilowatt-hours, million","4991.3",""
"Uruguay","Electricity - total wind production","2020","Kilowatt-hours, million","5475.5",""
"Uruguay","Electricity - total wind production","2019","Kilowatt-hours, million","4752.4",""
"Uzbekistan","Electricity - total wind production","2023","Kilowatt-hours, million","7.2",""
"Uzbekistan","Electricity - total wind production","2022","Kilowatt-hours, million","0",""
"Uzbekistan","Electricity - total wind production","2021","Kilowatt-hours, million","1.2",""
"Uzbekistan","Electricity - total wind production","2020","Kilowatt-hours, million","15.5",""
"Uzbekistan","Electricity - total wind production","2019","Kilowatt-hours, million","15.5",""
"Vanuatu","Electricity - total wind production","2023","Kilowatt-hours, million","3.9","1"
"Vanuatu","Electricity - total wind production","2022","Kilowatt-hours, million","2.77",""
"Vanuatu","Electricity - total wind production","2021","Kilowatt-hours, million","4.13",""
"Vanuatu","Electricity - total wind production","2020","Kilowatt-hours, million","5.62",""
"Vanuatu","Electricity - total wind production","2019","Kilowatt-hours, million","6.16",""
"Venezuela (Bolivar. Rep.)","Electricity - total wind production","2022","Kilowatt-hours, million","16.22",""
"Venezuela (Bolivar. Rep.)","Electricity - total wind production","2021","Kilowatt-hours, million","19.14",""
"Venezuela (Bolivar. Rep.)","Electricity - total wind production","2020","Kilowatt-hours, million","19.88",""
"Venezuela (Bolivar. Rep.)","Electricity - total wind production","2019","Kilowatt-hours, million","60.36",""
"Viet Nam","Electricity - total wind production","2022","Kilowatt-hours, million","9063.98290788711",""
"Viet Nam","Electricity - total wind production","2021","Kilowatt-hours, million","3346",""
"Viet Nam","Electricity - total wind production","2020","Kilowatt-hours, million","976",""
"Viet Nam","Electricity - total wind production","2019","Kilowatt-hours, million","312",""

"fnSeqID","Footnote"
"1","Estimate"
